[
{
  "model": "products.product",
  "pk": 1,
  "fields": {
    "title": "\u6cf3\u5e3d",
    "cat": "\u904b\u52d5",
    "price": 300,
    "stock": 1,
    "description": "\u6211\u672c\u4eba\u7684\u6cf3\u5e3d\uff0c\u90fd\u6703\u6d17\uff0c\u4e00\u822cSIZE\u3002",
    "is_feature_product": false,
    "datetime_create": "2020-07-23T10:46:03.720Z",
    "datetime_edit": "2020-07-24T16:54:04.461Z"
  }
},
{
  "model": "products.product",
  "pk": 2,
  "fields": {
    "title": "\u7f8e\u570b\u5df4\u6d1b\u9177\u9054Barracuda KONA81 K713 \u4e09\u9435\u5ea6\u6578\u6cf3\u93e1- \u85cd",
    "cat": "\u904b\u52d5",
    "price": 600,
    "stock": 1,
    "description": "PCHOME\u8cfc\u8cb7\r\n\u7f8e\u570b\u5df4\u6d1b\u9177\u9054Barracuda KONA81 K713 \u4e09\u9435\u5ea6\u6578\u6cf3\u93e1- \u85cd\r\n\u5de6\u53f3\u773c\u5ea6\u6578 \u81ea\u7531\u914d\r\n\r\n\u25a0\u8584\u908a\u93e1\u7247\uff0c\u8996\u91ce\u5bec\u5ee3\u660e\u4eae\r\n\u25a0SEBS\u8cbc\u773c\u8b77\u588a\r\n\u25a0\u514d\u62c6\u63db\u53ef\u8abf\u7bc0\u9f3b\u6a11\r\n\u25a0\u9632\u6ed1\u52d5\u982d\u5e36\u53ca\u5074\u6263\r\n\u25a0\u53ef\u81ea\u7531\u9078\u64c7\u5de6\u53f3\u773c\u4e0d\u540c\u5ea6\u6578",
    "is_feature_product": false,
    "datetime_create": "2020-07-23T10:53:47.171Z",
    "datetime_edit": "2020-07-24T16:53:42.567Z"
  }
},
{
  "model": "products.product",
  "pk": 3,
  "fields": {
    "title": "\u6cf3\u8932",
    "cat": "\u904b\u52d5",
    "price": 300,
    "stock": 1,
    "description": "\u6211\u8170\u570d90\u516c\u5206\uff0c\u7a7f\u8d77\u4f86\u6709\u9ede\u7dca\u3002",
    "is_feature_product": true,
    "datetime_create": "2020-07-23T11:07:03.070Z",
    "datetime_edit": "2020-07-24T16:53:11.011Z"
  }
},
{
  "model": "products.product",
  "pk": 4,
  "fields": {
    "title": "\u904b\u52d5\u6bdb\u5dfe(\u96a8\u6a5f\u51fa\u8ca8)",
    "cat": "\u904b\u52d5",
    "price": 999,
    "stock": 2,
    "description": "\u904b\u52d5\u6bdb\u5dfe\r\n\u96a8\u6a5f\u51fa\u8ca8~\u6709\u60f3\u8981\u7684\u82b1\u8272\u53ef\u4ee5\u591a\u8cb7\u5e7e\u689d\u8a66\u624b\u6c23~\r\n\u5c3a\u5bf8\u90fd\u6bd4\u4e00\u822c\u6bdb\u5dfe\u5927\u5537\r\n\u7d2b\u767d\u8272\u90a3\u689d\u6709\u6263\u5b50\uff0c\u53ef\u4ee5\u7576\u62ab\u80a9\u3002",
    "is_feature_product": false,
    "datetime_create": "2020-07-23T11:10:06.253Z",
    "datetime_edit": "2020-07-24T16:52:31.123Z"
  }
},
{
  "model": "products.product",
  "pk": 5,
  "fields": {
    "title": "\u82b1\u751f\u7403 - \u9ed1",
    "cat": "\u904b\u52d5",
    "price": 1500,
    "stock": 1,
    "description": "\u7528\u4f86\u6309\u6469\u3001\u8212\u7de9\u7b4b\u819c\r\n\u9ed1\u8272\u4ee3\u8868\u5f88\u786c\u7684\u610f\u601d",
    "is_feature_product": false,
    "datetime_create": "2020-07-23T11:11:40.896Z",
    "datetime_edit": "2020-07-24T16:52:16.080Z"
  }
},
{
  "model": "products.product",
  "pk": 6,
  "fields": {
    "title": "\u8077\u4eba\u624b\u4f5c-\u9280\u8272\u82b1\u8eca",
    "cat": "\u96fb\u8166/3C",
    "price": 39999,
    "stock": 1,
    "description": "\u7531\u9ec3\u51a0\u6cd3\u89aa\u624b\u6253\u9020\r\n\u517c\u5177\u65b0\u6f6e\u5916\u578b\u8207\u6548\u80fd\u7684\u5f37\u608dPC\r\n\r\n===\u914d\u5099===\r\nCPU: AMD 3600X\r\nMB: \u6280\u5609 AORUS B450M\r\nRAM: V-COLOR PRIZM RGB \u83f1\u93e1 DDR4-3200 8G*2 (\u9280\u8272)\r\nGPU: \u83ef\u78a9 ROG-STRIX RX570\r\nPOWER: \u6d77\u97fb Focus+ SSR-550FX\r\n\u786c\u789f(SSD): \u7f8e\u5149 MX500 500GB\r\n\u786c\u789f(HDD): seagate 1TB\r\n\u6563\u71b1\u5668: AMD Wraith Prism\r\n\u6a5f\u6bbc: CoolerMaster Q300L \u6539\u88dd\r\n\u71c8\u5149\u63a7\u5236\u5668: \u9280\u6b23 LSB-02",
    "is_feature_product": true,
    "datetime_create": "2020-07-23T11:33:42.595Z",
    "datetime_edit": "2020-07-24T16:50:54.857Z"
  }
},
{
  "model": "products.product",
  "pk": 7,
  "fields": {
    "title": "USB3.0\u64f4\u5145",
    "cat": "\u96fb\u8166/3C",
    "price": 500,
    "stock": 1,
    "description": "USB3.0 * 2 \u64f4\u5145\r\nPCIE x1",
    "is_feature_product": false,
    "datetime_create": "2020-07-23T12:11:04.081Z",
    "datetime_edit": "2020-07-24T16:49:52.224Z"
  }
},
{
  "model": "products.product",
  "pk": 8,
  "fields": {
    "title": "Ducky\u76ae\u624b\u6258",
    "cat": "\u96fb\u8166/3C",
    "price": 500,
    "stock": 1,
    "description": "\u76ae\u88fd\uff0c\u8b77\u8155\u7528\u3002",
    "is_feature_product": false,
    "datetime_create": "2020-07-23T14:03:45.077Z",
    "datetime_edit": "2020-07-24T16:49:10.718Z"
  }
},
{
  "model": "products.product",
  "pk": 9,
  "fields": {
    "title": "\u76f4\u7acb\u6ed1\u9f20",
    "cat": "\u96fb\u8166/3C",
    "price": 1200,
    "stock": 1,
    "description": "DELUX\u76f4\u7acb\u6ed1\u9f20\r\n\u7b26\u5408\u4eba\u9ad4\u5de5\u5b78\uff0c\u4fdd\u8b77\u624b\u81c2\u808c\u8089\u3002",
    "is_feature_product": false,
    "datetime_create": "2020-07-23T14:06:28.386Z",
    "datetime_edit": "2020-07-24T16:48:40.223Z"
  }
},
{
  "model": "products.product",
  "pk": 10,
  "fields": {
    "title": "dy\u724c\u7b46\u96fb",
    "cat": "\u96fb\u8166/3C",
    "price": 29999,
    "stock": 1,
    "description": "dy\u724c\u7b46\u96fb\r\n\u7522\u54c1\u7de8\u865f:5WH39PA\r\n\u7522\u54c1\u540d\u7a31:HP Notebook 14-ck1010tu\r\n\u5fae\u8655\u7406\u5668:Intel\u00ae Core\u2122 i5-8265U (1.6 GHz \u57fa\u672c\u983b\u7387\u3001\u63a1\u7528 Intel\u00ae Turbo Boost \u6280\u8853\u6642\u6700\u9ad8\u53ef\u9054 3.9 GHz\u30016 MB \u5feb\u53d6\u30014 \u6838\u5fc3)\r\n\u8a18\u61b6\u9ad4,\u6a19\u6e96:8 GB DDR4-2400 SDRAM (1 \u500b 8 GB)\r\n\u8996\u8a0a\u7e6a\u5716\u986f\u793a\u5361:Intel\u00ae UHD \u7e6a\u5716\u5361 620\r\n\u786c\u789f:256 GB PCIe\u00ae NVMe\u2122 M.2 \u56fa\u614b\u786c\u789f\r\n\u5149\u789f\u6a5f:\u4e0d\u542b\u5149\u789f\u6a5f\r\n\u986f\u793a:35.6 \u516c\u5206 (14 \u540b) (\u5c0d\u89d2\u7dda) FHD IPS BrightView \u7a84\u908a WLED \u80cc\u5149\u986f\u793a\u5c4f (1920 x 1080)\r\n\u9ede\u9078\u88dd\u7f6e:\u89f8\u63a7\u677f\u652f\u63f4\u591a\u9ede\u89f8\u63a7\u624b\u52e2\r\n\u7121\u7dda\u9023\u7dda:802.11b/g/n (1x1) Wi-Fi\u00ae \u8207 Bluetooth\u00ae 4.2 Combo\r\n\u7db2\u8def\u63a5\u53e3:\u6574\u5408\u5f0f 10/100/1000 GbE LAN\r\n\u64f4\u5c55\u63d2\u69fd:1 \u500b\u591a\u529f\u80fd SD \u5361\u8b80\u5361\u5668\r\n\u5916\u63a5\u9023\u63a5\u57e0:1 \u500b HDMI 1.4b \u9023\u63a5\u57e0\uff1b1 \u500b\u8033\u6a5f/\u9ea5\u514b\u98a8\u7d44\u5408\u63d2\u5b54\uff1b1 \u500b RJ-45 \u9023\u63a5\u57e0\uff1b1 \u500b USB 2.0 \u9023\u63a5\u57e0\uff1b2 \u500b USB 3.1 Gen 1 \u9023\u63a5\u57e0 (\u50c5\u9650\u8cc7\u6599\u50b3\u8f38)\r\n\u6700\u5c0f\u5c3a\u5bf8 (\u5bec x \u6df1 x \u9ad8):33.5 x 23.4 x 1.99 \u516c\u5206\r\n\u91cd\u91cf:1.47 kg \u8d77\r\n\u96fb\u6e90\u985e\u578b:45 W \u667a\u6167\u578b AC \u8b8a\u58d3\u5668\r\n\u96fb\u6c60\u985e\u578b:3 cell\u300141 Wh \u92f0\u96e2\u5b50\u65b9\u5f62\u96fb\u6c60\r\nWebcam:HP TrueVision HD \u651d\u5f71\u6a5f\u642d\u914d\u6574\u5408\u5f0f\u6578\u4f4d\u9ea5\u514b\u98a8\r\n\u97f3\u8a0a\u529f\u80fd:\u96d9\u5587\u53ed",
    "is_feature_product": true,
    "datetime_create": "2020-07-23T14:30:25.028Z",
    "datetime_edit": "2020-07-24T16:47:39.106Z"
  }
},
{
  "model": "products.product",
  "pk": 11,
  "fields": {
    "title": "\u96f7\u67cfRGB\u6ed1\u9f20",
    "cat": "\u96fb\u8166/3C",
    "price": 800,
    "stock": 1,
    "description": "\u4e09\u6bb5DPI\u53ef\u8abf\r\n\u71c8\u5149\u8a2d\u5b9a\u8edf\u9ad4\u8acb\u81f3\u5b98\u7db2\u4e0b\u8f09\u9a45\u52d5\u7a0b\u5f0f",
    "is_feature_product": false,
    "datetime_create": "2020-07-23T14:36:19.407Z",
    "datetime_edit": "2020-07-24T16:46:46.971Z"
  }
},
{
  "model": "products.product",
  "pk": 12,
  "fields": {
    "title": "\u8c93\u8089\u7403\u6ed1\u9f20\u588a",
    "cat": "\u96fb\u8166/3C",
    "price": 500,
    "stock": 1,
    "description": "\u6750\u8cea\u662f\u77fd\u81a0\uff0c\u6478\u8d77\u4f86\u5f88\u8edf\u54e6\uff01",
    "is_feature_product": true,
    "datetime_create": "2020-07-23T14:38:01.130Z",
    "datetime_edit": "2020-07-24T16:45:46.331Z"
  }
},
{
  "model": "products.product",
  "pk": 13,
  "fields": {
    "title": "\u5fb7\u9686Montech Blue Devil\u85cd\u9b54\u9b3c RGB\u80cc\u5149 \u6a5f\u68b0\u5f0f\u9375\u76e4-\u9752\u8ef8\u4e2d\u6587/Cherry\u8ef8/PBT\u9375\u5e3d/14\u7a2e\u6a21\u5f0f",
    "cat": "\u96fb\u8166/3C",
    "price": 1500,
    "stock": 1,
    "description": "\u9375\u76e4\u7121\u885d\u7a81\u8a2d\u8a08 \u591a\u5a92\u9ad4\u529f\u80fd\u7d44\u5408\u9375 14\u7a2e\u7d62\u9e97RGB\u71c8\u5149\u7279\u6548 \u8077\u696d\u96fb\u7af6\u73a9\u5bb6\u9996\u9078CHERRY\u6a5f\u68b0\u9752\u8ef8\u8ef8\u627f \u514dEEPROM\u8a18\u61b6\uff0cIC\u63a1\u7528Flash\u8a18\u61b6 \u5feb\u901f\u9396\u5b9aWIN\u9375\uff0c\u907f\u514d\u904a\u6232\u4e2d\u8aa4\u89f8",
    "is_feature_product": false,
    "datetime_create": "2020-07-23T14:41:36.808Z",
    "datetime_edit": "2020-07-24T16:45:04.658Z"
  }
},
{
  "model": "products.product",
  "pk": 14,
  "fields": {
    "title": "\u9577\u865f",
    "cat": "\u751f\u6d3b",
    "price": 99999,
    "stock": 1,
    "description": "\u9673\u5a01\u51f1\u7684\u6a02\u5668\uff0c\u518d\u4e0d\u4f86\u62ff\u6211\u5c31\u62ff\u53bb\u8ce3\u6389\u56c9\uff01",
    "is_feature_product": true,
    "datetime_create": "2020-07-23T14:47:20.215Z",
    "datetime_edit": "2020-07-24T16:42:03.946Z"
  }
},
{
  "model": "products.product",
  "pk": 15,
  "fields": {
    "title": "\u8a66\u8ef8\u5668",
    "cat": "\u751f\u6d3b",
    "price": 300,
    "stock": 1,
    "description": "\u6c92\u4e8b\u53ef\u4ee5\u6309\u4f86\u7df4\u7df4\u624b\u611f\uff0c\u4e5f\u5f88\u65b9\u4fbf\u7528\u4f86\u8ddf\u670b\u53cb\u4ecb\u7d39\u4e0d\u540c\u8ef8\u9ad4\u7684\u5dee\u7570\u54e6\uff01\r\n\u5171\u6709\u9752 \u7d05 \u9ed1 \u8336 \u7da0 \u6df1\u7da0 \u516d\u7a2e\u8ef8",
    "is_feature_product": false,
    "datetime_create": "2020-07-23T14:50:27.073Z",
    "datetime_edit": "2020-07-24T16:41:20.543Z"
  }
},
{
  "model": "products.product",
  "pk": 16,
  "fields": {
    "title": "\u8001\u76ae",
    "cat": "\u751f\u6d3b",
    "price": 500,
    "stock": 1,
    "description": "\u8001\u76ae\u5a03\u5a03\r\n\u9ad8\u5ea6\u5927\u7d04\u662f\u5750\u8457\u653e\u5927\u817f\u8001\u76ae\u7684\u982d\u9802\u5728\u5976\u982d\u7684\u9ad8\u5ea6",
    "is_feature_product": true,
    "datetime_create": "2020-07-23T14:52:50.174Z",
    "datetime_edit": "2020-07-24T16:40:54.184Z"
  }
},
{
  "model": "products.product",
  "pk": 17,
  "fields": {
    "title": "\u6a61\u76ae\u7b4b-3\u7a2e\u984f\u8272-\u96a8\u6a5f\u51fa\u8ca8",
    "cat": "\u751f\u6d3b",
    "price": 1,
    "stock": 100,
    "description": "\u53ea\u662f\u666e\u901a\u7684\u6a61\u76ae\u7b4b\r\n\u4e0d\u80fd\u6311\u984f\u8272\u54e6",
    "is_feature_product": false,
    "datetime_create": "2020-07-23T15:01:58.184Z",
    "datetime_edit": "2020-07-24T16:39:30.417Z"
  }
},
{
  "model": "products.product",
  "pk": 18,
  "fields": {
    "title": "\u751f\u6d3b\u7167-\u6301\u7e8c\u66f4\u65b0-\u4e0d\u6311\u6b3e\u5f0f\u96a8\u6a5f\u51fa\u8ca8",
    "cat": "\u751f\u6d3b",
    "price": 500,
    "stock": 20,
    "description": "\u4e0d\u5b9a\u671f\u66f4\u65b0\r\n\u6211\u6703\u7528A4\u5f69\u8272\u5370\u5237\u7d66\u4f60\r\n\u96a8\u6a5f\u51fa\u8ca8",
    "is_feature_product": true,
    "datetime_create": "2020-07-23T15:10:53.932Z",
    "datetime_edit": "2020-07-24T16:39:06.947Z"
  }
},
{
  "model": "products.image",
  "pk": 48,
  "fields": {
    "product": 18,
    "file": "product_images/\u751f\u6d3b\u7167.jpg",
    "priority": 0,
    "description": null
  }
},
{
  "model": "products.image",
  "pk": 49,
  "fields": {
    "product": 17,
    "file": "product_images/\u6a61\u76ae\u7b4b.jpg",
    "priority": 0,
    "description": null
  }
},
{
  "model": "products.image",
  "pk": 50,
  "fields": {
    "product": 16,
    "file": "product_images/\u8001\u76ae.jpg",
    "priority": 0,
    "description": "\u6b63\u9762"
  }
},
{
  "model": "products.image",
  "pk": 51,
  "fields": {
    "product": 16,
    "file": "product_images/\u8001\u76ae1.jpg",
    "priority": 1,
    "description": "\u80cc\u9762"
  }
},
{
  "model": "products.image",
  "pk": 52,
  "fields": {
    "product": 16,
    "file": "product_images/\u8001\u76ae2.jpg",
    "priority": 2,
    "description": "M\u5b57\u817f"
  }
},
{
  "model": "products.image",
  "pk": 53,
  "fields": {
    "product": 15,
    "file": "product_images/\u8a66\u8ef8\u5668.jpg",
    "priority": 0,
    "description": null
  }
},
{
  "model": "products.image",
  "pk": 54,
  "fields": {
    "product": 15,
    "file": "product_images/\u8a66\u8ef8\u56681.jpg",
    "priority": 1,
    "description": null
  }
},
{
  "model": "products.image",
  "pk": 55,
  "fields": {
    "product": 14,
    "file": "product_images/\u9577\u865f.jpg",
    "priority": 0,
    "description": null
  }
},
{
  "model": "products.image",
  "pk": 56,
  "fields": {
    "product": 14,
    "file": "product_images/\u9577\u865f1.jpg",
    "priority": 1,
    "description": null
  }
},
{
  "model": "products.image",
  "pk": 57,
  "fields": {
    "product": 14,
    "file": "product_images/\u9577\u865f2.jpg",
    "priority": 2,
    "description": null
  }
},
{
  "model": "products.image",
  "pk": 58,
  "fields": {
    "product": 14,
    "file": "product_images/\u9577\u865f3.jpg",
    "priority": 3,
    "description": null
  }
},
{
  "model": "products.image",
  "pk": 59,
  "fields": {
    "product": 14,
    "file": "product_images/\u9577\u865f4.jpg",
    "priority": 4,
    "description": null
  }
},
{
  "model": "products.image",
  "pk": 60,
  "fields": {
    "product": 13,
    "file": "product_images/\u9375\u76e4.jpg",
    "priority": 0,
    "description": null
  }
},
{
  "model": "products.image",
  "pk": 61,
  "fields": {
    "product": 13,
    "file": "product_images/\u9375\u76e41.jpg",
    "priority": 1,
    "description": null
  }
},
{
  "model": "products.image",
  "pk": 62,
  "fields": {
    "product": 12,
    "file": "product_images/\u6ed1\u9f20\u588a.jpg",
    "priority": 0,
    "description": "\u6b63\u9762"
  }
},
{
  "model": "products.image",
  "pk": 63,
  "fields": {
    "product": 12,
    "file": "product_images/\u6ed1\u9f20\u588a1.jpg",
    "priority": 1,
    "description": "\u5e95\u90e8"
  }
},
{
  "model": "products.image",
  "pk": 64,
  "fields": {
    "product": 11,
    "file": "product_images/\u6ed1\u9f20.jpg",
    "priority": 0,
    "description": null
  }
},
{
  "model": "products.image",
  "pk": 65,
  "fields": {
    "product": 11,
    "file": "product_images/\u6ed1\u9f201.jpg",
    "priority": 1,
    "description": null
  }
},
{
  "model": "products.image",
  "pk": 66,
  "fields": {
    "product": 11,
    "file": "product_images/\u6ed1\u9f202.jpg",
    "priority": 2,
    "description": null
  }
},
{
  "model": "products.image",
  "pk": 67,
  "fields": {
    "product": 11,
    "file": "product_images/\u6ed1\u9f203.jpg",
    "priority": 3,
    "description": null
  }
},
{
  "model": "products.image",
  "pk": 68,
  "fields": {
    "product": 11,
    "file": "product_images/\u6ed1\u9f204.jpg",
    "priority": 4,
    "description": "\u5e95\u90e8"
  }
},
{
  "model": "products.image",
  "pk": 69,
  "fields": {
    "product": 10,
    "file": "product_images/\u7b46\u96fb.jpg",
    "priority": 0,
    "description": "dy logo"
  }
},
{
  "model": "products.image",
  "pk": 70,
  "fields": {
    "product": 10,
    "file": "product_images/\u7b46\u96fb1.jpg",
    "priority": 1,
    "description": null
  }
},
{
  "model": "products.image",
  "pk": 71,
  "fields": {
    "product": 10,
    "file": "product_images/\u7b46\u96fb2.jpg",
    "priority": 2,
    "description": "\u5e95\u90e8"
  }
},
{
  "model": "products.image",
  "pk": 72,
  "fields": {
    "product": 9,
    "file": "product_images/\u76f4\u7acb\u6ed1\u9f20.jpg",
    "priority": 0,
    "description": "\u5de6\u5074"
  }
},
{
  "model": "products.image",
  "pk": 73,
  "fields": {
    "product": 9,
    "file": "product_images/\u76f4\u7acb\u6ed1\u9f201.jpg",
    "priority": 1,
    "description": "\u53f3\u5074"
  }
},
{
  "model": "products.image",
  "pk": 74,
  "fields": {
    "product": 9,
    "file": "product_images/\u76f4\u7acb\u6ed1\u9f202.jpg",
    "priority": 2,
    "description": "\u63e1\u59ff"
  }
},
{
  "model": "products.image",
  "pk": 75,
  "fields": {
    "product": 8,
    "file": "product_images/\u76ae\u624b\u6258.jpg",
    "priority": 0,
    "description": "\u6b63\u9762"
  }
},
{
  "model": "products.image",
  "pk": 76,
  "fields": {
    "product": 8,
    "file": "product_images/\u76ae\u624b\u62581.jpg",
    "priority": 1,
    "description": "\u5e95\u90e8"
  }
},
{
  "model": "products.image",
  "pk": 77,
  "fields": {
    "product": 7,
    "file": "product_images/USB\u64f4\u5145\u5361.jpg",
    "priority": 0,
    "description": null
  }
},
{
  "model": "products.image",
  "pk": 78,
  "fields": {
    "product": 7,
    "file": "product_images/USB\u64f4\u5145\u53611.jpg",
    "priority": 1,
    "description": null
  }
},
{
  "model": "products.image",
  "pk": 79,
  "fields": {
    "product": 7,
    "file": "product_images/USB\u64f4\u5145\u53612.jpg",
    "priority": 2,
    "description": null
  }
},
{
  "model": "products.image",
  "pk": 80,
  "fields": {
    "product": 7,
    "file": "product_images/USB\u64f4\u5145\u53613.jpg",
    "priority": 3,
    "description": null
  }
},
{
  "model": "products.image",
  "pk": 81,
  "fields": {
    "product": 6,
    "file": "product_images/PC.jpg",
    "priority": 0,
    "description": null
  }
},
{
  "model": "products.image",
  "pk": 82,
  "fields": {
    "product": 6,
    "file": "product_images/PC1.jpg",
    "priority": 1,
    "description": "\u8fd1\u770b"
  }
},
{
  "model": "products.image",
  "pk": 83,
  "fields": {
    "product": 6,
    "file": "product_images/PC2.jpg",
    "priority": 2,
    "description": "\u9060\u770b"
  }
},
{
  "model": "products.image",
  "pk": 84,
  "fields": {
    "product": 6,
    "file": "product_images/PC3.gif",
    "priority": 3,
    "description": "GIF"
  }
},
{
  "model": "products.image",
  "pk": 85,
  "fields": {
    "product": 5,
    "file": "product_images/\u82b1\u751f\u7403.jpg",
    "priority": 0,
    "description": null
  }
},
{
  "model": "products.image",
  "pk": 86,
  "fields": {
    "product": 4,
    "file": "product_images/\u904b\u52d5\u6bdb\u5dfe.jpg",
    "priority": 0,
    "description": null
  }
},
{
  "model": "products.image",
  "pk": 87,
  "fields": {
    "product": 3,
    "file": "product_images/\u6cf3\u8932.jpg",
    "priority": 0,
    "description": null
  }
},
{
  "model": "products.image",
  "pk": 88,
  "fields": {
    "product": 3,
    "file": "product_images/\u6cf3\u89321.jpg",
    "priority": 1,
    "description": "\u5be6\u7a7f\u7167"
  }
},
{
  "model": "products.image",
  "pk": 89,
  "fields": {
    "product": 2,
    "file": "product_images/\u86d9\u93e1.jpg",
    "priority": 0,
    "description": null
  }
},
{
  "model": "products.image",
  "pk": 90,
  "fields": {
    "product": 2,
    "file": "product_images/\u86d9\u93e11.jpg",
    "priority": 1,
    "description": "\u5be6\u7a7f\u7167"
  }
},
{
  "model": "products.image",
  "pk": 91,
  "fields": {
    "product": 1,
    "file": "product_images/\u6cf3\u5e3d.jpg",
    "priority": 0,
    "description": null
  }
},
{
  "model": "products.image",
  "pk": 92,
  "fields": {
    "product": 1,
    "file": "product_images/\u6cf3\u5e3d1.jpg",
    "priority": 1,
    "description": "\u5be6\u7a7f\u7167"
  }
},
{
  "model": "contenttypes.contenttype",
  "pk": 1,
  "fields": {
    "app_label": "order",
    "model": "order"
  }
},
{
  "model": "contenttypes.contenttype",
  "pk": 2,
  "fields": {
    "app_label": "order",
    "model": "payment"
  }
},
{
  "model": "contenttypes.contenttype",
  "pk": 3,
  "fields": {
    "app_label": "cart",
    "model": "cart"
  }
},
{
  "model": "contenttypes.contenttype",
  "pk": 4,
  "fields": {
    "app_label": "cart",
    "model": "cart_product"
  }
},
{
  "model": "contenttypes.contenttype",
  "pk": 5,
  "fields": {
    "app_label": "products",
    "model": "product"
  }
},
{
  "model": "contenttypes.contenttype",
  "pk": 6,
  "fields": {
    "app_label": "products",
    "model": "image"
  }
},
{
  "model": "contenttypes.contenttype",
  "pk": 7,
  "fields": {
    "app_label": "admin",
    "model": "logentry"
  }
},
{
  "model": "contenttypes.contenttype",
  "pk": 8,
  "fields": {
    "app_label": "auth",
    "model": "permission"
  }
},
{
  "model": "contenttypes.contenttype",
  "pk": 9,
  "fields": {
    "app_label": "auth",
    "model": "group"
  }
},
{
  "model": "contenttypes.contenttype",
  "pk": 10,
  "fields": {
    "app_label": "auth",
    "model": "user"
  }
},
{
  "model": "contenttypes.contenttype",
  "pk": 11,
  "fields": {
    "app_label": "contenttypes",
    "model": "contenttype"
  }
},
{
  "model": "contenttypes.contenttype",
  "pk": 12,
  "fields": {
    "app_label": "sessions",
    "model": "session"
  }
},
{
  "model": "sessions.session",
  "pk": "49mhgqm5faneomcvooo20s2ofqxt1a62",
  "fields": {
    "session_data": "ZDJkNzFlZDAzYzAwZDNmZDYyMGJjMDY2YTJkY2RjNWZlYTk0OTBkODp7Il9hdXRoX3VzZXJfaWQiOiIxIiwiX2F1dGhfdXNlcl9iYWNrZW5kIjoiZGphbmdvLmNvbnRyaWIuYXV0aC5iYWNrZW5kcy5Nb2RlbEJhY2tlbmQiLCJfYXV0aF91c2VyX2hhc2giOiJhMTBhMjgwZWQ5MWYwMzU1M2U5MzBiY2E0OGE4ZmExYjcyOGVhZjAxIn0=",
    "expire_date": "2020-08-06T23:00:16.346Z"
  }
},
{
  "model": "sessions.session",
  "pk": "obx3978yhzicvbd5xzhfhcfaztnw8n30",
  "fields": {
    "session_data": "ZDJkNzFlZDAzYzAwZDNmZDYyMGJjMDY2YTJkY2RjNWZlYTk0OTBkODp7Il9hdXRoX3VzZXJfaWQiOiIxIiwiX2F1dGhfdXNlcl9iYWNrZW5kIjoiZGphbmdvLmNvbnRyaWIuYXV0aC5iYWNrZW5kcy5Nb2RlbEJhY2tlbmQiLCJfYXV0aF91c2VyX2hhc2giOiJhMTBhMjgwZWQ5MWYwMzU1M2U5MzBiY2E0OGE4ZmExYjcyOGVhZjAxIn0=",
    "expire_date": "2020-08-06T09:55:09.850Z"
  }
},
{
  "model": "sessions.session",
  "pk": "xk7f9rsl5oek0llakcfrtj29mp6r2j5b",
  "fields": {
    "session_data": "Yzg0NGY4YjVhYmNhMDIxMzc3MzZjNTE0MDc5ODdkOTAzNGRjYjY1MTp7Il9hdXRoX3VzZXJfaWQiOiIyIiwiX2F1dGhfdXNlcl9iYWNrZW5kIjoiZGphbmdvLmNvbnRyaWIuYXV0aC5iYWNrZW5kcy5Nb2RlbEJhY2tlbmQiLCJfYXV0aF91c2VyX2hhc2giOiJlZTM5YWJhZWFiMGM1NjE2ZTlhNGIwNzk5YjE1OWVmYjFlYWQ3NzMyIn0=",
    "expire_date": "2020-08-07T05:34:39.148Z"
  }
},
{
  "model": "auth.permission",
  "pk": 1,
  "fields": {
    "name": "Can add order",
    "content_type": [
      "order",
      "order"
    ],
    "codename": "add_order"
  }
},
{
  "model": "auth.permission",
  "pk": 2,
  "fields": {
    "name": "Can change order",
    "content_type": [
      "order",
      "order"
    ],
    "codename": "change_order"
  }
},
{
  "model": "auth.permission",
  "pk": 3,
  "fields": {
    "name": "Can delete order",
    "content_type": [
      "order",
      "order"
    ],
    "codename": "delete_order"
  }
},
{
  "model": "auth.permission",
  "pk": 4,
  "fields": {
    "name": "Can view order",
    "content_type": [
      "order",
      "order"
    ],
    "codename": "view_order"
  }
},
{
  "model": "auth.permission",
  "pk": 5,
  "fields": {
    "name": "Can add payment",
    "content_type": [
      "order",
      "payment"
    ],
    "codename": "add_payment"
  }
},
{
  "model": "auth.permission",
  "pk": 6,
  "fields": {
    "name": "Can change payment",
    "content_type": [
      "order",
      "payment"
    ],
    "codename": "change_payment"
  }
},
{
  "model": "auth.permission",
  "pk": 7,
  "fields": {
    "name": "Can delete payment",
    "content_type": [
      "order",
      "payment"
    ],
    "codename": "delete_payment"
  }
},
{
  "model": "auth.permission",
  "pk": 8,
  "fields": {
    "name": "Can view payment",
    "content_type": [
      "order",
      "payment"
    ],
    "codename": "view_payment"
  }
},
{
  "model": "auth.permission",
  "pk": 9,
  "fields": {
    "name": "Can add cart",
    "content_type": [
      "cart",
      "cart"
    ],
    "codename": "add_cart"
  }
},
{
  "model": "auth.permission",
  "pk": 10,
  "fields": {
    "name": "Can change cart",
    "content_type": [
      "cart",
      "cart"
    ],
    "codename": "change_cart"
  }
},
{
  "model": "auth.permission",
  "pk": 11,
  "fields": {
    "name": "Can delete cart",
    "content_type": [
      "cart",
      "cart"
    ],
    "codename": "delete_cart"
  }
},
{
  "model": "auth.permission",
  "pk": 12,
  "fields": {
    "name": "Can view cart",
    "content_type": [
      "cart",
      "cart"
    ],
    "codename": "view_cart"
  }
},
{
  "model": "auth.permission",
  "pk": 13,
  "fields": {
    "name": "Can add cart_product",
    "content_type": [
      "cart",
      "cart_product"
    ],
    "codename": "add_cart_product"
  }
},
{
  "model": "auth.permission",
  "pk": 14,
  "fields": {
    "name": "Can change cart_product",
    "content_type": [
      "cart",
      "cart_product"
    ],
    "codename": "change_cart_product"
  }
},
{
  "model": "auth.permission",
  "pk": 15,
  "fields": {
    "name": "Can delete cart_product",
    "content_type": [
      "cart",
      "cart_product"
    ],
    "codename": "delete_cart_product"
  }
},
{
  "model": "auth.permission",
  "pk": 16,
  "fields": {
    "name": "Can view cart_product",
    "content_type": [
      "cart",
      "cart_product"
    ],
    "codename": "view_cart_product"
  }
},
{
  "model": "auth.permission",
  "pk": 17,
  "fields": {
    "name": "Can add product",
    "content_type": [
      "products",
      "product"
    ],
    "codename": "add_product"
  }
},
{
  "model": "auth.permission",
  "pk": 18,
  "fields": {
    "name": "Can change product",
    "content_type": [
      "products",
      "product"
    ],
    "codename": "change_product"
  }
},
{
  "model": "auth.permission",
  "pk": 19,
  "fields": {
    "name": "Can delete product",
    "content_type": [
      "products",
      "product"
    ],
    "codename": "delete_product"
  }
},
{
  "model": "auth.permission",
  "pk": 20,
  "fields": {
    "name": "Can view product",
    "content_type": [
      "products",
      "product"
    ],
    "codename": "view_product"
  }
},
{
  "model": "auth.permission",
  "pk": 21,
  "fields": {
    "name": "Can add image",
    "content_type": [
      "products",
      "image"
    ],
    "codename": "add_image"
  }
},
{
  "model": "auth.permission",
  "pk": 22,
  "fields": {
    "name": "Can change image",
    "content_type": [
      "products",
      "image"
    ],
    "codename": "change_image"
  }
},
{
  "model": "auth.permission",
  "pk": 23,
  "fields": {
    "name": "Can delete image",
    "content_type": [
      "products",
      "image"
    ],
    "codename": "delete_image"
  }
},
{
  "model": "auth.permission",
  "pk": 24,
  "fields": {
    "name": "Can view image",
    "content_type": [
      "products",
      "image"
    ],
    "codename": "view_image"
  }
},
{
  "model": "auth.permission",
  "pk": 25,
  "fields": {
    "name": "Can add log entry",
    "content_type": [
      "admin",
      "logentry"
    ],
    "codename": "add_logentry"
  }
},
{
  "model": "auth.permission",
  "pk": 26,
  "fields": {
    "name": "Can change log entry",
    "content_type": [
      "admin",
      "logentry"
    ],
    "codename": "change_logentry"
  }
},
{
  "model": "auth.permission",
  "pk": 27,
  "fields": {
    "name": "Can delete log entry",
    "content_type": [
      "admin",
      "logentry"
    ],
    "codename": "delete_logentry"
  }
},
{
  "model": "auth.permission",
  "pk": 28,
  "fields": {
    "name": "Can view log entry",
    "content_type": [
      "admin",
      "logentry"
    ],
    "codename": "view_logentry"
  }
},
{
  "model": "auth.permission",
  "pk": 29,
  "fields": {
    "name": "Can add permission",
    "content_type": [
      "auth",
      "permission"
    ],
    "codename": "add_permission"
  }
},
{
  "model": "auth.permission",
  "pk": 30,
  "fields": {
    "name": "Can change permission",
    "content_type": [
      "auth",
      "permission"
    ],
    "codename": "change_permission"
  }
},
{
  "model": "auth.permission",
  "pk": 31,
  "fields": {
    "name": "Can delete permission",
    "content_type": [
      "auth",
      "permission"
    ],
    "codename": "delete_permission"
  }
},
{
  "model": "auth.permission",
  "pk": 32,
  "fields": {
    "name": "Can view permission",
    "content_type": [
      "auth",
      "permission"
    ],
    "codename": "view_permission"
  }
},
{
  "model": "auth.permission",
  "pk": 33,
  "fields": {
    "name": "Can add group",
    "content_type": [
      "auth",
      "group"
    ],
    "codename": "add_group"
  }
},
{
  "model": "auth.permission",
  "pk": 34,
  "fields": {
    "name": "Can change group",
    "content_type": [
      "auth",
      "group"
    ],
    "codename": "change_group"
  }
},
{
  "model": "auth.permission",
  "pk": 35,
  "fields": {
    "name": "Can delete group",
    "content_type": [
      "auth",
      "group"
    ],
    "codename": "delete_group"
  }
},
{
  "model": "auth.permission",
  "pk": 36,
  "fields": {
    "name": "Can view group",
    "content_type": [
      "auth",
      "group"
    ],
    "codename": "view_group"
  }
},
{
  "model": "auth.permission",
  "pk": 37,
  "fields": {
    "name": "Can add user",
    "content_type": [
      "auth",
      "user"
    ],
    "codename": "add_user"
  }
},
{
  "model": "auth.permission",
  "pk": 38,
  "fields": {
    "name": "Can change user",
    "content_type": [
      "auth",
      "user"
    ],
    "codename": "change_user"
  }
},
{
  "model": "auth.permission",
  "pk": 39,
  "fields": {
    "name": "Can delete user",
    "content_type": [
      "auth",
      "user"
    ],
    "codename": "delete_user"
  }
},
{
  "model": "auth.permission",
  "pk": 40,
  "fields": {
    "name": "Can view user",
    "content_type": [
      "auth",
      "user"
    ],
    "codename": "view_user"
  }
},
{
  "model": "auth.permission",
  "pk": 41,
  "fields": {
    "name": "Can add content type",
    "content_type": [
      "contenttypes",
      "contenttype"
    ],
    "codename": "add_contenttype"
  }
},
{
  "model": "auth.permission",
  "pk": 42,
  "fields": {
    "name": "Can change content type",
    "content_type": [
      "contenttypes",
      "contenttype"
    ],
    "codename": "change_contenttype"
  }
},
{
  "model": "auth.permission",
  "pk": 43,
  "fields": {
    "name": "Can delete content type",
    "content_type": [
      "contenttypes",
      "contenttype"
    ],
    "codename": "delete_contenttype"
  }
},
{
  "model": "auth.permission",
  "pk": 44,
  "fields": {
    "name": "Can view content type",
    "content_type": [
      "contenttypes",
      "contenttype"
    ],
    "codename": "view_contenttype"
  }
},
{
  "model": "auth.permission",
  "pk": 45,
  "fields": {
    "name": "Can add session",
    "content_type": [
      "sessions",
      "session"
    ],
    "codename": "add_session"
  }
},
{
  "model": "auth.permission",
  "pk": 46,
  "fields": {
    "name": "Can change session",
    "content_type": [
      "sessions",
      "session"
    ],
    "codename": "change_session"
  }
},
{
  "model": "auth.permission",
  "pk": 47,
  "fields": {
    "name": "Can delete session",
    "content_type": [
      "sessions",
      "session"
    ],
    "codename": "delete_session"
  }
},
{
  "model": "auth.permission",
  "pk": 48,
  "fields": {
    "name": "Can view session",
    "content_type": [
      "sessions",
      "session"
    ],
    "codename": "view_session"
  }
},
{
  "model": "auth.user",
  "pk": 1,
  "fields": {
    "password": "pbkdf2_sha256$180000$FFtZLFkOJLnr$vb54P+dzIW3ZEAnB0hyxSO6LZyndvXH38P7AMeCGwZg=",
    "last_login": "2020-07-23T23:00:16.339Z",
    "is_superuser": true,
    "username": "10sb4c8763",
    "first_name": "",
    "last_name": "",
    "email": "10sb4c8763@gmail.com",
    "is_staff": true,
    "is_active": true,
    "date_joined": "2020-07-23T09:53:02.331Z",
    "groups": [],
    "user_permissions": []
  }
},
{
  "model": "auth.user",
  "pk": 2,
  "fields": {
    "password": "pbkdf2_sha256$180000$M2ZyAM65OoHK$kLw8rCG0IoJAAYmNTCR21F+IF2PkVzRRhZ/trKuWXWE=",
    "last_login": "2020-07-24T05:34:39.140Z",
    "is_superuser": false,
    "username": "normaluser",
    "first_name": "",
    "last_name": "",
    "email": "",
    "is_staff": false,
    "is_active": true,
    "date_joined": "2020-07-23T09:55:31.802Z",
    "groups": [],
    "user_permissions": []
  }
},
{
  "model": "auth.user",
  "pk": 3,
  "fields": {
    "password": "pbkdf2_sha256$180000$MZ7uSTUCpq6e$A5MBqTkCRGHVWVnufBx2uRsSY//D1WsHR/PKkEXWwBg=",
    "last_login": "2020-07-23T22:53:39.696Z",
    "is_superuser": false,
    "username": "circlecute",
    "first_name": "",
    "last_name": "",
    "email": "",
    "is_staff": false,
    "is_active": true,
    "date_joined": "2020-07-23T22:52:53.759Z",
    "groups": [],
    "user_permissions": []
  }
},
{
  "model": "admin.logentry",
  "pk": 1,
  "fields": {
    "action_time": "2020-07-23T09:55:32.077Z",
    "user": [
      "10sb4c8763"
    ],
    "content_type": [
      "auth",
      "user"
    ],
    "object_id": "2",
    "object_repr": "normaluser",
    "action_flag": 1,
    "change_message": "[{\"added\": {}}]"
  }
},
{
  "model": "admin.logentry",
  "pk": 2,
  "fields": {
    "action_time": "2020-07-23T10:46:03.729Z",
    "user": [
      "10sb4c8763"
    ],
    "content_type": [
      "products",
      "product"
    ],
    "object_id": "1",
    "object_repr": "\u904b\u52d5-\u6cf3\u5e3d-$300-\u5eab\u5b58:1",
    "action_flag": 1,
    "change_message": "[{\"added\": {}}, {\"added\": {\"name\": \"image\", \"object\": \"Image object (1)\"}}, {\"added\": {\"name\": \"image\", \"object\": \"Image object (2)\"}}]"
  }
},
{
  "model": "admin.logentry",
  "pk": 3,
  "fields": {
    "action_time": "2020-07-23T10:48:03.617Z",
    "user": [
      "10sb4c8763"
    ],
    "content_type": [
      "products",
      "product"
    ],
    "object_id": "1",
    "object_repr": "\u904b\u52d5-\u6cf3\u5e3d-$300-\u5eab\u5b58:1",
    "action_flag": 2,
    "change_message": "[]"
  }
},
{
  "model": "admin.logentry",
  "pk": 4,
  "fields": {
    "action_time": "2020-07-23T10:48:19.591Z",
    "user": [
      "10sb4c8763"
    ],
    "content_type": [
      "products",
      "product"
    ],
    "object_id": "1",
    "object_repr": "\u904b\u52d5-\u6cf3\u5e3d-$300-\u5eab\u5b58:1",
    "action_flag": 2,
    "change_message": "[{\"changed\": {\"fields\": [\"\\u662f\\u4e3b\\u6253\\u5546\\u54c1\"]}}]"
  }
},
{
  "model": "admin.logentry",
  "pk": 5,
  "fields": {
    "action_time": "2020-07-23T10:48:33.320Z",
    "user": [
      "10sb4c8763"
    ],
    "content_type": [
      "products",
      "product"
    ],
    "object_id": "1",
    "object_repr": "\u904b\u52d5-\u6cf3\u5e3d-$300-\u5eab\u5b58:1",
    "action_flag": 2,
    "change_message": "[{\"changed\": {\"fields\": [\"\\u662f\\u4e3b\\u6253\\u5546\\u54c1\"]}}]"
  }
},
{
  "model": "admin.logentry",
  "pk": 6,
  "fields": {
    "action_time": "2020-07-23T10:53:47.178Z",
    "user": [
      "10sb4c8763"
    ],
    "content_type": [
      "products",
      "product"
    ],
    "object_id": "2",
    "object_repr": "\u904b\u52d5-\u7f8e\u570b\u5df4\u6d1b\u9177\u9054Barracuda KONA81 K713 \u4e09\u9435\u5ea6\u6578\u6cf3\u93e1- \u85cd-$600-\u5eab\u5b58:1",
    "action_flag": 1,
    "change_message": "[{\"added\": {}}, {\"added\": {\"name\": \"image\", \"object\": \"Image object (3)\"}}, {\"added\": {\"name\": \"image\", \"object\": \"Image object (4)\"}}]"
  }
},
{
  "model": "admin.logentry",
  "pk": 7,
  "fields": {
    "action_time": "2020-07-23T11:07:03.085Z",
    "user": [
      "10sb4c8763"
    ],
    "content_type": [
      "products",
      "product"
    ],
    "object_id": "3",
    "object_repr": "\u904b\u52d5-\u6cf3\u8932-$300-\u5eab\u5b58:1",
    "action_flag": 1,
    "change_message": "[{\"added\": {}}, {\"added\": {\"name\": \"image\", \"object\": \"Image object (5)\"}}, {\"added\": {\"name\": \"image\", \"object\": \"Image object (6)\"}}]"
  }
},
{
  "model": "admin.logentry",
  "pk": 8,
  "fields": {
    "action_time": "2020-07-23T11:10:06.258Z",
    "user": [
      "10sb4c8763"
    ],
    "content_type": [
      "products",
      "product"
    ],
    "object_id": "4",
    "object_repr": "\u904b\u52d5-\u904b\u52d5\u6bdb\u5dfe(\u96a8\u6a5f\u51fa\u8ca8)-$999-\u5eab\u5b58:2",
    "action_flag": 1,
    "change_message": "[{\"added\": {}}, {\"added\": {\"name\": \"image\", \"object\": \"Image object (7)\"}}]"
  }
},
{
  "model": "admin.logentry",
  "pk": 9,
  "fields": {
    "action_time": "2020-07-23T11:11:40.901Z",
    "user": [
      "10sb4c8763"
    ],
    "content_type": [
      "products",
      "product"
    ],
    "object_id": "5",
    "object_repr": "\u904b\u52d5-\u82b1\u751f\u7403 - \u9ed1-$1500-\u5eab\u5b58:1",
    "action_flag": 1,
    "change_message": "[{\"added\": {}}, {\"added\": {\"name\": \"image\", \"object\": \"Image object (8)\"}}]"
  }
},
{
  "model": "admin.logentry",
  "pk": 10,
  "fields": {
    "action_time": "2020-07-23T11:33:42.618Z",
    "user": [
      "10sb4c8763"
    ],
    "content_type": [
      "products",
      "product"
    ],
    "object_id": "6",
    "object_repr": "\u96fb\u8166/3C-\u8077\u4eba\u624b\u4f5c-\u9280\u8272\u82b1\u8eca-$39999-\u5eab\u5b58:1",
    "action_flag": 1,
    "change_message": "[{\"added\": {}}, {\"added\": {\"name\": \"image\", \"object\": \"Image object (9)\"}}, {\"added\": {\"name\": \"image\", \"object\": \"Image object (10)\"}}, {\"added\": {\"name\": \"image\", \"object\": \"Image object (11)\"}}]"
  }
},
{
  "model": "admin.logentry",
  "pk": 11,
  "fields": {
    "action_time": "2020-07-23T12:03:32.743Z",
    "user": [
      "10sb4c8763"
    ],
    "content_type": [
      "products",
      "product"
    ],
    "object_id": "6",
    "object_repr": "\u96fb\u8166/3C-\u8077\u4eba\u624b\u4f5c-\u9280\u8272\u82b1\u8eca-$39999-\u5eab\u5b58:1",
    "action_flag": 2,
    "change_message": "[{\"changed\": {\"name\": \"image\", \"object\": \"Image object (11)\", \"fields\": [\"\\u6392\\u5e8f\"]}}]"
  }
},
{
  "model": "admin.logentry",
  "pk": 12,
  "fields": {
    "action_time": "2020-07-23T12:11:04.091Z",
    "user": [
      "10sb4c8763"
    ],
    "content_type": [
      "products",
      "product"
    ],
    "object_id": "7",
    "object_repr": "\u96fb\u8166/3C-USB3.0\u64f4\u5145-$500-\u5eab\u5b58:1",
    "action_flag": 1,
    "change_message": "[{\"added\": {}}, {\"added\": {\"name\": \"image\", \"object\": \"Image object (12)\"}}, {\"added\": {\"name\": \"image\", \"object\": \"Image object (13)\"}}, {\"added\": {\"name\": \"image\", \"object\": \"Image object (14)\"}}, {\"added\": {\"name\": \"image\", \"object\": \"Image object (15)\"}}]"
  }
},
{
  "model": "admin.logentry",
  "pk": 13,
  "fields": {
    "action_time": "2020-07-23T12:17:23.477Z",
    "user": [
      "10sb4c8763"
    ],
    "content_type": [
      "products",
      "product"
    ],
    "object_id": "6",
    "object_repr": "\u96fb\u8166/3C-\u8077\u4eba\u624b\u4f5c-\u9280\u8272\u82b1\u8eca-$39999-\u5eab\u5b58:1",
    "action_flag": 2,
    "change_message": "[{\"added\": {\"name\": \"image\", \"object\": \"Image object (16)\"}}, {\"changed\": {\"name\": \"image\", \"object\": \"Image object (9)\", \"fields\": [\"\\u6392\\u5e8f\"]}}]"
  }
},
{
  "model": "admin.logentry",
  "pk": 14,
  "fields": {
    "action_time": "2020-07-23T12:18:37.115Z",
    "user": [
      "10sb4c8763"
    ],
    "content_type": [
      "products",
      "product"
    ],
    "object_id": "6",
    "object_repr": "\u96fb\u8166/3C-\u8077\u4eba\u624b\u4f5c-\u9280\u8272\u82b1\u8eca-$39999-\u5eab\u5b58:1",
    "action_flag": 2,
    "change_message": "[{\"changed\": {\"name\": \"image\", \"object\": \"Image object (16)\", \"fields\": [\"\\u6a94\\u6848\"]}}]"
  }
},
{
  "model": "admin.logentry",
  "pk": 15,
  "fields": {
    "action_time": "2020-07-23T12:26:20.674Z",
    "user": [
      "10sb4c8763"
    ],
    "content_type": [
      "products",
      "product"
    ],
    "object_id": "6",
    "object_repr": "\u96fb\u8166/3C-\u8077\u4eba\u624b\u4f5c-\u9280\u8272\u82b1\u8eca-$39999-\u5eab\u5b58:1",
    "action_flag": 2,
    "change_message": "[{\"changed\": {\"name\": \"image\", \"object\": \"Image object (16)\", \"fields\": [\"\\u6a94\\u6848\"]}}]"
  }
},
{
  "model": "admin.logentry",
  "pk": 16,
  "fields": {
    "action_time": "2020-07-23T14:03:45.085Z",
    "user": [
      "10sb4c8763"
    ],
    "content_type": [
      "products",
      "product"
    ],
    "object_id": "8",
    "object_repr": "\u96fb\u8166/3C-Ducky\u76ae\u624b\u6258-$500-\u5eab\u5b58:1",
    "action_flag": 1,
    "change_message": "[{\"added\": {}}, {\"added\": {\"name\": \"image\", \"object\": \"Image object (17)\"}}, {\"added\": {\"name\": \"image\", \"object\": \"Image object (18)\"}}]"
  }
},
{
  "model": "admin.logentry",
  "pk": 17,
  "fields": {
    "action_time": "2020-07-23T14:06:28.388Z",
    "user": [
      "10sb4c8763"
    ],
    "content_type": [
      "products",
      "product"
    ],
    "object_id": "9",
    "object_repr": "\u96fb\u8166/3C-\u76f4\u7acb\u6ed1\u9f20-$1200-\u5eab\u5b58:1",
    "action_flag": 1,
    "change_message": "[{\"added\": {}}]"
  }
},
{
  "model": "admin.logentry",
  "pk": 18,
  "fields": {
    "action_time": "2020-07-23T14:18:06.940Z",
    "user": [
      "10sb4c8763"
    ],
    "content_type": [
      "products",
      "product"
    ],
    "object_id": "9",
    "object_repr": "\u96fb\u8166/3C-\u76f4\u7acb\u6ed1\u9f20-$1200-\u5eab\u5b58:1",
    "action_flag": 2,
    "change_message": "[{\"added\": {\"name\": \"image\", \"object\": \"Image object (19)\"}}, {\"added\": {\"name\": \"image\", \"object\": \"Image object (20)\"}}, {\"added\": {\"name\": \"image\", \"object\": \"Image object (21)\"}}]"
  }
},
{
  "model": "admin.logentry",
  "pk": 19,
  "fields": {
    "action_time": "2020-07-23T14:30:25.037Z",
    "user": [
      "10sb4c8763"
    ],
    "content_type": [
      "products",
      "product"
    ],
    "object_id": "10",
    "object_repr": "\u96fb\u8166/\u96fb\u8166-dy\u724c\u7b46\u96fb-$29999-\u5eab\u5b58:1",
    "action_flag": 1,
    "change_message": "[{\"added\": {}}, {\"added\": {\"name\": \"image\", \"object\": \"Image object (22)\"}}, {\"added\": {\"name\": \"image\", \"object\": \"Image object (23)\"}}, {\"added\": {\"name\": \"image\", \"object\": \"Image object (24)\"}}]"
  }
},
{
  "model": "admin.logentry",
  "pk": 20,
  "fields": {
    "action_time": "2020-07-23T14:36:19.441Z",
    "user": [
      "10sb4c8763"
    ],
    "content_type": [
      "products",
      "product"
    ],
    "object_id": "11",
    "object_repr": "\u96fb\u8166/3C-\u96f7\u67cfRGB\u6ed1\u9f20-$800-\u5eab\u5b58:1",
    "action_flag": 1,
    "change_message": "[{\"added\": {}}, {\"added\": {\"name\": \"image\", \"object\": \"Image object (25)\"}}, {\"added\": {\"name\": \"image\", \"object\": \"Image object (26)\"}}, {\"added\": {\"name\": \"image\", \"object\": \"Image object (27)\"}}, {\"added\": {\"name\": \"image\", \"object\": \"Image object (28)\"}}, {\"added\": {\"name\": \"image\", \"object\": \"Image object (29)\"}}]"
  }
},
{
  "model": "admin.logentry",
  "pk": 21,
  "fields": {
    "action_time": "2020-07-23T14:36:45.431Z",
    "user": [
      "10sb4c8763"
    ],
    "content_type": [
      "products",
      "product"
    ],
    "object_id": "10",
    "object_repr": "\u96fb\u8166/3C-dy\u724c\u7b46\u96fb-$29999-\u5eab\u5b58:1",
    "action_flag": 2,
    "change_message": "[{\"changed\": {\"fields\": [\"\\u5206\\u985e\"]}}]"
  }
},
{
  "model": "admin.logentry",
  "pk": 22,
  "fields": {
    "action_time": "2020-07-23T14:38:01.136Z",
    "user": [
      "10sb4c8763"
    ],
    "content_type": [
      "products",
      "product"
    ],
    "object_id": "12",
    "object_repr": "\u96fb\u8166/3C-\u8c93\u8089\u7403\u6ed1\u9f20\u588a-$500-\u5eab\u5b58:1",
    "action_flag": 1,
    "change_message": "[{\"added\": {}}, {\"added\": {\"name\": \"image\", \"object\": \"Image object (30)\"}}, {\"added\": {\"name\": \"image\", \"object\": \"Image object (31)\"}}]"
  }
},
{
  "model": "admin.logentry",
  "pk": 23,
  "fields": {
    "action_time": "2020-07-23T14:41:36.815Z",
    "user": [
      "10sb4c8763"
    ],
    "content_type": [
      "products",
      "product"
    ],
    "object_id": "13",
    "object_repr": "\u96fb\u8166/3C-\u5fb7\u9686Montech Blue Devil\u85cd\u9b54\u9b3c RGB\u80cc\u5149 \u6a5f\u68b0\u5f0f\u9375\u76e4-\u9752\u8ef8\u4e2d\u6587/Cherry\u8ef8/PBT\u9375\u5e3d/14\u7a2e\u6a21\u5f0f-$1500-\u5eab\u5b58:1",
    "action_flag": 1,
    "change_message": "[{\"added\": {}}, {\"added\": {\"name\": \"image\", \"object\": \"Image object (32)\"}}, {\"added\": {\"name\": \"image\", \"object\": \"Image object (33)\"}}]"
  }
},
{
  "model": "admin.logentry",
  "pk": 24,
  "fields": {
    "action_time": "2020-07-23T14:47:20.227Z",
    "user": [
      "10sb4c8763"
    ],
    "content_type": [
      "products",
      "product"
    ],
    "object_id": "14",
    "object_repr": "\u751f\u6d3b-\u9577\u865f-$99999-\u5eab\u5b58:1",
    "action_flag": 1,
    "change_message": "[{\"added\": {}}, {\"added\": {\"name\": \"image\", \"object\": \"Image object (34)\"}}, {\"added\": {\"name\": \"image\", \"object\": \"Image object (35)\"}}, {\"added\": {\"name\": \"image\", \"object\": \"Image object (36)\"}}, {\"added\": {\"name\": \"image\", \"object\": \"Image object (37)\"}}, {\"added\": {\"name\": \"image\", \"object\": \"Image object (38)\"}}]"
  }
},
{
  "model": "admin.logentry",
  "pk": 25,
  "fields": {
    "action_time": "2020-07-23T14:50:27.080Z",
    "user": [
      "10sb4c8763"
    ],
    "content_type": [
      "products",
      "product"
    ],
    "object_id": "15",
    "object_repr": "\u96fb\u8166/3C-\u8a66\u8ef8\u5668-$300-\u5eab\u5b58:1",
    "action_flag": 1,
    "change_message": "[{\"added\": {}}, {\"added\": {\"name\": \"image\", \"object\": \"Image object (39)\"}}, {\"added\": {\"name\": \"image\", \"object\": \"Image object (40)\"}}]"
  }
},
{
  "model": "admin.logentry",
  "pk": 26,
  "fields": {
    "action_time": "2020-07-23T14:51:08.100Z",
    "user": [
      "10sb4c8763"
    ],
    "content_type": [
      "products",
      "product"
    ],
    "object_id": "15",
    "object_repr": "\u751f\u6d3b-\u8a66\u8ef8\u5668-$300-\u5eab\u5b58:1",
    "action_flag": 2,
    "change_message": "[{\"changed\": {\"fields\": [\"\\u5206\\u985e\"]}}]"
  }
},
{
  "model": "admin.logentry",
  "pk": 27,
  "fields": {
    "action_time": "2020-07-23T14:52:50.182Z",
    "user": [
      "10sb4c8763"
    ],
    "content_type": [
      "products",
      "product"
    ],
    "object_id": "16",
    "object_repr": "\u751f\u6d3b-\u8001\u76ae-$500-\u5eab\u5b58:1",
    "action_flag": 1,
    "change_message": "[{\"added\": {}}, {\"added\": {\"name\": \"image\", \"object\": \"Image object (41)\"}}, {\"added\": {\"name\": \"image\", \"object\": \"Image object (42)\"}}, {\"added\": {\"name\": \"image\", \"object\": \"Image object (43)\"}}]"
  }
},
{
  "model": "admin.logentry",
  "pk": 28,
  "fields": {
    "action_time": "2020-07-23T14:53:48.964Z",
    "user": [
      "10sb4c8763"
    ],
    "content_type": [
      "products",
      "product"
    ],
    "object_id": "12",
    "object_repr": "\u96fb\u8166/3C-\u8c93\u8089\u7403\u6ed1\u9f20\u588a-$500-\u5eab\u5b58:1",
    "action_flag": 2,
    "change_message": "[{\"changed\": {\"fields\": [\"\\u662f\\u4e3b\\u6253\\u5546\\u54c1\"]}}]"
  }
},
{
  "model": "admin.logentry",
  "pk": 29,
  "fields": {
    "action_time": "2020-07-23T14:58:34.659Z",
    "user": [
      "10sb4c8763"
    ],
    "content_type": [
      "products",
      "product"
    ],
    "object_id": "3",
    "object_repr": "\u904b\u52d5-\u6cf3\u8932-$300-\u5eab\u5b58:1",
    "action_flag": 2,
    "change_message": "[{\"changed\": {\"fields\": [\"\\u662f\\u4e3b\\u6253\\u5546\\u54c1\"]}}]"
  }
},
{
  "model": "admin.logentry",
  "pk": 30,
  "fields": {
    "action_time": "2020-07-23T14:58:47.813Z",
    "user": [
      "10sb4c8763"
    ],
    "content_type": [
      "products",
      "product"
    ],
    "object_id": "10",
    "object_repr": "\u96fb\u8166/3C-dy\u724c\u7b46\u96fb-$29999-\u5eab\u5b58:1",
    "action_flag": 2,
    "change_message": "[{\"changed\": {\"fields\": [\"\\u662f\\u4e3b\\u6253\\u5546\\u54c1\"]}}]"
  }
},
{
  "model": "admin.logentry",
  "pk": 31,
  "fields": {
    "action_time": "2020-07-23T15:01:58.188Z",
    "user": [
      "10sb4c8763"
    ],
    "content_type": [
      "products",
      "product"
    ],
    "object_id": "17",
    "object_repr": "\u751f\u6d3b-\u6a61\u76ae\u7b4b-3\u7a2e\u984f\u8272-\u96a8\u6a5f\u51fa\u8ca8-$1-\u5eab\u5b58:100",
    "action_flag": 1,
    "change_message": "[{\"added\": {}}, {\"added\": {\"name\": \"image\", \"object\": \"Image object (44)\"}}]"
  }
},
{
  "model": "admin.logentry",
  "pk": 32,
  "fields": {
    "action_time": "2020-07-23T15:10:53.936Z",
    "user": [
      "10sb4c8763"
    ],
    "content_type": [
      "products",
      "product"
    ],
    "object_id": "18",
    "object_repr": "\u751f\u6d3b-\u751f\u6d3b\u7167-\u4e0d\u6311\u6b3e\u5f0f\u96a8\u6a5f\u51fa\u8ca8-$500-\u5eab\u5b58:20",
    "action_flag": 1,
    "change_message": "[{\"added\": {}}, {\"added\": {\"name\": \"image\", \"object\": \"Image object (45)\"}}]"
  }
},
{
  "model": "admin.logentry",
  "pk": 33,
  "fields": {
    "action_time": "2020-07-23T15:18:09.022Z",
    "user": [
      "10sb4c8763"
    ],
    "content_type": [
      "products",
      "product"
    ],
    "object_id": "18",
    "object_repr": "\u751f\u6d3b-\u751f\u6d3b\u7167-\u6301\u7e8c\u66f4\u65b0-\u4e0d\u6311\u6b3e\u5f0f\u96a8\u6a5f\u51fa\u8ca8-$500-\u5eab\u5b58:20",
    "action_flag": 2,
    "change_message": "[{\"changed\": {\"fields\": [\"\\u5546\\u54c1\\u540d\"]}}]"
  }
},
{
  "model": "admin.logentry",
  "pk": 34,
  "fields": {
    "action_time": "2020-07-23T19:37:04.050Z",
    "user": [
      "10sb4c8763"
    ],
    "content_type": [
      "products",
      "product"
    ],
    "object_id": "19",
    "object_repr": "\u672a\u5206\u985e-\u5c0fGG-$50-\u5eab\u5b58:1",
    "action_flag": 1,
    "change_message": "[{\"added\": {}}, {\"added\": {\"name\": \"image\", \"object\": \"Image object (46)\"}}]"
  }
},
{
  "model": "admin.logentry",
  "pk": 35,
  "fields": {
    "action_time": "2020-07-23T21:53:10.330Z",
    "user": [
      "10sb4c8763"
    ],
    "content_type": [
      "products",
      "product"
    ],
    "object_id": "19",
    "object_repr": "\u672a\u5206\u985e-\u5c0fGG-$50-\u5eab\u5b58:1",
    "action_flag": 3,
    "change_message": ""
  }
},
{
  "model": "admin.logentry",
  "pk": 36,
  "fields": {
    "action_time": "2020-07-23T21:53:42.736Z",
    "user": [
      "10sb4c8763"
    ],
    "content_type": [
      "products",
      "product"
    ],
    "object_id": "20",
    "object_repr": "\u672a\u5206\u985e-\u5c0fGG-$50-\u5eab\u5b58:1",
    "action_flag": 1,
    "change_message": "[{\"added\": {}}, {\"added\": {\"name\": \"image\", \"object\": \"Image object (47)\"}}]"
  }
},
{
  "model": "admin.logentry",
  "pk": 37,
  "fields": {
    "action_time": "2020-07-23T22:25:51.531Z",
    "user": [
      "10sb4c8763"
    ],
    "content_type": [
      "products",
      "product"
    ],
    "object_id": "20",
    "object_repr": "\u672a\u5206\u985e-\u5c0fGG-$50-\u5eab\u5b58:1",
    "action_flag": 3,
    "change_message": ""
  }
},
{
  "model": "admin.logentry",
  "pk": 38,
  "fields": {
    "action_time": "2020-07-23T22:52:53.970Z",
    "user": [
      "10sb4c8763"
    ],
    "content_type": [
      "auth",
      "user"
    ],
    "object_id": "3",
    "object_repr": "circlecute",
    "action_flag": 1,
    "change_message": "[{\"added\": {}}]"
  }
},
{
  "model": "admin.logentry",
  "pk": 39,
  "fields": {
    "action_time": "2020-07-24T12:00:31.779Z",
    "user": [
      "10sb4c8763"
    ],
    "content_type": [
      "order",
      "order"
    ],
    "object_id": "3",
    "object_repr": "Order object (3)",
    "action_flag": 3,
    "change_message": ""
  }
},
{
  "model": "admin.logentry",
  "pk": 40,
  "fields": {
    "action_time": "2020-07-24T12:00:31.784Z",
    "user": [
      "10sb4c8763"
    ],
    "content_type": [
      "order",
      "order"
    ],
    "object_id": "2",
    "object_repr": "Order object (2)",
    "action_flag": 3,
    "change_message": ""
  }
},
{
  "model": "admin.logentry",
  "pk": 41,
  "fields": {
    "action_time": "2020-07-24T12:00:31.787Z",
    "user": [
      "10sb4c8763"
    ],
    "content_type": [
      "order",
      "order"
    ],
    "object_id": "1",
    "object_repr": "Order object (1)",
    "action_flag": 3,
    "change_message": ""
  }
},
{
  "model": "admin.logentry",
  "pk": 42,
  "fields": {
    "action_time": "2020-07-24T12:13:41.546Z",
    "user": [
      "10sb4c8763"
    ],
    "content_type": [
      "products",
      "product"
    ],
    "object_id": "21",
    "object_repr": "\u751f\u6d3b-GG-$50-\u5eab\u5b58:1",
    "action_flag": 1,
    "change_message": "[{\"added\": {}}, {\"added\": {\"name\": \"image\", \"object\": \"Image object (48)\"}}]"
  }
},
{
  "model": "admin.logentry",
  "pk": 43,
  "fields": {
    "action_time": "2020-07-24T12:18:10.143Z",
    "user": [
      "10sb4c8763"
    ],
    "content_type": [
      "products",
      "product"
    ],
    "object_id": "21",
    "object_repr": "\u751f\u6d3b-GG-$50-\u5eab\u5b58:1",
    "action_flag": 3,
    "change_message": ""
  }
},
{
  "model": "admin.logentry",
  "pk": 44,
  "fields": {
    "action_time": "2020-07-24T12:19:47.630Z",
    "user": [
      "10sb4c8763"
    ],
    "content_type": [
      "products",
      "product"
    ],
    "object_id": "18",
    "object_repr": "\u751f\u6d3b-\u751f\u6d3b\u7167-\u6301\u7e8c\u66f4\u65b0-\u4e0d\u6311\u6b3e\u5f0f\u96a8\u6a5f\u51fa\u8ca8-$500-\u5eab\u5b58:20",
    "action_flag": 2,
    "change_message": "[{\"changed\": {\"name\": \"image\", \"object\": \"Image object (45)\", \"fields\": [\"\\u6a94\\u6848\"]}}]"
  }
},
{
  "model": "admin.logentry",
  "pk": 45,
  "fields": {
    "action_time": "2020-07-24T12:20:03.856Z",
    "user": [
      "10sb4c8763"
    ],
    "content_type": [
      "products",
      "product"
    ],
    "object_id": "17",
    "object_repr": "\u751f\u6d3b-\u6a61\u76ae\u7b4b-3\u7a2e\u984f\u8272-\u96a8\u6a5f\u51fa\u8ca8-$1-\u5eab\u5b58:100",
    "action_flag": 2,
    "change_message": "[{\"changed\": {\"name\": \"image\", \"object\": \"Image object (44)\", \"fields\": [\"\\u6a94\\u6848\"]}}]"
  }
},
{
  "model": "admin.logentry",
  "pk": 46,
  "fields": {
    "action_time": "2020-07-24T12:20:22.431Z",
    "user": [
      "10sb4c8763"
    ],
    "content_type": [
      "products",
      "product"
    ],
    "object_id": "16",
    "object_repr": "\u751f\u6d3b-\u8001\u76ae-$500-\u5eab\u5b58:1",
    "action_flag": 2,
    "change_message": "[{\"changed\": {\"name\": \"image\", \"object\": \"Image object (41)\", \"fields\": [\"\\u6a94\\u6848\"]}}]"
  }
},
{
  "model": "admin.logentry",
  "pk": 47,
  "fields": {
    "action_time": "2020-07-24T12:20:50.733Z",
    "user": [
      "10sb4c8763"
    ],
    "content_type": [
      "products",
      "product"
    ],
    "object_id": "16",
    "object_repr": "\u751f\u6d3b-\u8001\u76ae-$500-\u5eab\u5b58:1",
    "action_flag": 2,
    "change_message": "[{\"changed\": {\"name\": \"image\", \"object\": \"Image object (42)\", \"fields\": [\"\\u6a94\\u6848\"]}}, {\"changed\": {\"name\": \"image\", \"object\": \"Image object (43)\", \"fields\": [\"\\u6a94\\u6848\"]}}]"
  }
},
{
  "model": "admin.logentry",
  "pk": 48,
  "fields": {
    "action_time": "2020-07-24T12:21:32.986Z",
    "user": [
      "10sb4c8763"
    ],
    "content_type": [
      "products",
      "product"
    ],
    "object_id": "15",
    "object_repr": "\u751f\u6d3b-\u8a66\u8ef8\u5668-$300-\u5eab\u5b58:1",
    "action_flag": 2,
    "change_message": "[{\"changed\": {\"name\": \"image\", \"object\": \"Image object (39)\", \"fields\": [\"\\u6a94\\u6848\"]}}, {\"changed\": {\"name\": \"image\", \"object\": \"Image object (40)\", \"fields\": [\"\\u6a94\\u6848\"]}}]"
  }
},
{
  "model": "admin.logentry",
  "pk": 49,
  "fields": {
    "action_time": "2020-07-24T12:22:21.086Z",
    "user": [
      "10sb4c8763"
    ],
    "content_type": [
      "products",
      "product"
    ],
    "object_id": "14",
    "object_repr": "\u751f\u6d3b-\u9577\u865f-$99999-\u5eab\u5b58:1",
    "action_flag": 2,
    "change_message": "[{\"changed\": {\"name\": \"image\", \"object\": \"Image object (34)\", \"fields\": [\"\\u6a94\\u6848\"]}}, {\"changed\": {\"name\": \"image\", \"object\": \"Image object (35)\", \"fields\": [\"\\u6a94\\u6848\"]}}, {\"changed\": {\"name\": \"image\", \"object\": \"Image object (36)\", \"fields\": [\"\\u6a94\\u6848\"]}}, {\"changed\": {\"name\": \"image\", \"object\": \"Image object (37)\", \"fields\": [\"\\u6a94\\u6848\"]}}, {\"changed\": {\"name\": \"image\", \"object\": \"Image object (38)\", \"fields\": [\"\\u6a94\\u6848\"]}}]"
  }
},
{
  "model": "admin.logentry",
  "pk": 50,
  "fields": {
    "action_time": "2020-07-24T12:22:43.062Z",
    "user": [
      "10sb4c8763"
    ],
    "content_type": [
      "products",
      "product"
    ],
    "object_id": "13",
    "object_repr": "\u96fb\u8166/3C-\u5fb7\u9686Montech Blue Devil\u85cd\u9b54\u9b3c RGB\u80cc\u5149 \u6a5f\u68b0\u5f0f\u9375\u76e4-\u9752\u8ef8\u4e2d\u6587/Cherry\u8ef8/PBT\u9375\u5e3d/14\u7a2e\u6a21\u5f0f-$1500-\u5eab\u5b58:1",
    "action_flag": 2,
    "change_message": "[{\"changed\": {\"name\": \"image\", \"object\": \"Image object (32)\", \"fields\": [\"\\u6a94\\u6848\"]}}, {\"changed\": {\"name\": \"image\", \"object\": \"Image object (33)\", \"fields\": [\"\\u6a94\\u6848\"]}}]"
  }
},
{
  "model": "admin.logentry",
  "pk": 51,
  "fields": {
    "action_time": "2020-07-24T12:23:35.917Z",
    "user": [
      "10sb4c8763"
    ],
    "content_type": [
      "products",
      "product"
    ],
    "object_id": "12",
    "object_repr": "\u96fb\u8166/3C-\u8c93\u8089\u7403\u6ed1\u9f20\u588a-$500-\u5eab\u5b58:1",
    "action_flag": 2,
    "change_message": "[{\"changed\": {\"name\": \"image\", \"object\": \"Image object (30)\", \"fields\": [\"\\u6a94\\u6848\"]}}, {\"changed\": {\"name\": \"image\", \"object\": \"Image object (31)\", \"fields\": [\"\\u6a94\\u6848\"]}}]"
  }
},
{
  "model": "admin.logentry",
  "pk": 52,
  "fields": {
    "action_time": "2020-07-24T12:24:16.509Z",
    "user": [
      "10sb4c8763"
    ],
    "content_type": [
      "products",
      "product"
    ],
    "object_id": "11",
    "object_repr": "\u96fb\u8166/3C-\u96f7\u67cfRGB\u6ed1\u9f20-$800-\u5eab\u5b58:1",
    "action_flag": 2,
    "change_message": "[{\"changed\": {\"name\": \"image\", \"object\": \"Image object (25)\", \"fields\": [\"\\u6a94\\u6848\"]}}, {\"changed\": {\"name\": \"image\", \"object\": \"Image object (26)\", \"fields\": [\"\\u6a94\\u6848\"]}}, {\"changed\": {\"name\": \"image\", \"object\": \"Image object (27)\", \"fields\": [\"\\u6a94\\u6848\"]}}, {\"changed\": {\"name\": \"image\", \"object\": \"Image object (28)\", \"fields\": [\"\\u6a94\\u6848\"]}}, {\"changed\": {\"name\": \"image\", \"object\": \"Image object (29)\", \"fields\": [\"\\u6a94\\u6848\"]}}]"
  }
},
{
  "model": "admin.logentry",
  "pk": 53,
  "fields": {
    "action_time": "2020-07-24T12:24:51.065Z",
    "user": [
      "10sb4c8763"
    ],
    "content_type": [
      "products",
      "product"
    ],
    "object_id": "10",
    "object_repr": "\u96fb\u8166/3C-dy\u724c\u7b46\u96fb-$29999-\u5eab\u5b58:1",
    "action_flag": 2,
    "change_message": "[{\"changed\": {\"name\": \"image\", \"object\": \"Image object (22)\", \"fields\": [\"\\u6a94\\u6848\"]}}, {\"changed\": {\"name\": \"image\", \"object\": \"Image object (23)\", \"fields\": [\"\\u6a94\\u6848\"]}}, {\"changed\": {\"name\": \"image\", \"object\": \"Image object (24)\", \"fields\": [\"\\u6a94\\u6848\"]}}]"
  }
},
{
  "model": "admin.logentry",
  "pk": 54,
  "fields": {
    "action_time": "2020-07-24T12:25:12.103Z",
    "user": [
      "10sb4c8763"
    ],
    "content_type": [
      "products",
      "product"
    ],
    "object_id": "9",
    "object_repr": "\u96fb\u8166/3C-\u76f4\u7acb\u6ed1\u9f20-$1200-\u5eab\u5b58:1",
    "action_flag": 2,
    "change_message": "[{\"changed\": {\"name\": \"image\", \"object\": \"Image object (19)\", \"fields\": [\"\\u6a94\\u6848\"]}}, {\"changed\": {\"name\": \"image\", \"object\": \"Image object (20)\", \"fields\": [\"\\u6a94\\u6848\"]}}, {\"changed\": {\"name\": \"image\", \"object\": \"Image object (21)\", \"fields\": [\"\\u6a94\\u6848\"]}}]"
  }
},
{
  "model": "admin.logentry",
  "pk": 55,
  "fields": {
    "action_time": "2020-07-24T12:25:25.905Z",
    "user": [
      "10sb4c8763"
    ],
    "content_type": [
      "products",
      "product"
    ],
    "object_id": "8",
    "object_repr": "\u96fb\u8166/3C-Ducky\u76ae\u624b\u6258-$500-\u5eab\u5b58:1",
    "action_flag": 2,
    "change_message": "[{\"changed\": {\"name\": \"image\", \"object\": \"Image object (17)\", \"fields\": [\"\\u6a94\\u6848\"]}}, {\"changed\": {\"name\": \"image\", \"object\": \"Image object (18)\", \"fields\": [\"\\u6a94\\u6848\"]}}]"
  }
},
{
  "model": "admin.logentry",
  "pk": 56,
  "fields": {
    "action_time": "2020-07-24T12:25:49.167Z",
    "user": [
      "10sb4c8763"
    ],
    "content_type": [
      "products",
      "product"
    ],
    "object_id": "7",
    "object_repr": "\u96fb\u8166/3C-USB3.0\u64f4\u5145-$500-\u5eab\u5b58:1",
    "action_flag": 2,
    "change_message": "[{\"changed\": {\"name\": \"image\", \"object\": \"Image object (12)\", \"fields\": [\"\\u6a94\\u6848\"]}}, {\"changed\": {\"name\": \"image\", \"object\": \"Image object (13)\", \"fields\": [\"\\u6a94\\u6848\"]}}, {\"changed\": {\"name\": \"image\", \"object\": \"Image object (14)\", \"fields\": [\"\\u6a94\\u6848\"]}}, {\"changed\": {\"name\": \"image\", \"object\": \"Image object (15)\", \"fields\": [\"\\u6a94\\u6848\"]}}]"
  }
},
{
  "model": "admin.logentry",
  "pk": 57,
  "fields": {
    "action_time": "2020-07-24T12:26:20.880Z",
    "user": [
      "10sb4c8763"
    ],
    "content_type": [
      "products",
      "product"
    ],
    "object_id": "6",
    "object_repr": "\u96fb\u8166/3C-\u8077\u4eba\u624b\u4f5c-\u9280\u8272\u82b1\u8eca-$39999-\u5eab\u5b58:1",
    "action_flag": 2,
    "change_message": "[{\"changed\": {\"name\": \"image\", \"object\": \"Image object (16)\", \"fields\": [\"\\u6a94\\u6848\"]}}, {\"changed\": {\"name\": \"image\", \"object\": \"Image object (9)\", \"fields\": [\"\\u6a94\\u6848\"]}}, {\"changed\": {\"name\": \"image\", \"object\": \"Image object (10)\", \"fields\": [\"\\u6a94\\u6848\"]}}, {\"changed\": {\"name\": \"image\", \"object\": \"Image object (11)\", \"fields\": [\"\\u6a94\\u6848\"]}}]"
  }
},
{
  "model": "admin.logentry",
  "pk": 58,
  "fields": {
    "action_time": "2020-07-24T12:26:37.014Z",
    "user": [
      "10sb4c8763"
    ],
    "content_type": [
      "products",
      "product"
    ],
    "object_id": "5",
    "object_repr": "\u904b\u52d5-\u82b1\u751f\u7403 - \u9ed1-$1500-\u5eab\u5b58:1",
    "action_flag": 2,
    "change_message": "[{\"changed\": {\"name\": \"image\", \"object\": \"Image object (8)\", \"fields\": [\"\\u6a94\\u6848\"]}}]"
  }
},
{
  "model": "admin.logentry",
  "pk": 59,
  "fields": {
    "action_time": "2020-07-24T12:26:54.395Z",
    "user": [
      "10sb4c8763"
    ],
    "content_type": [
      "products",
      "product"
    ],
    "object_id": "4",
    "object_repr": "\u904b\u52d5-\u904b\u52d5\u6bdb\u5dfe(\u96a8\u6a5f\u51fa\u8ca8)-$999-\u5eab\u5b58:2",
    "action_flag": 2,
    "change_message": "[{\"changed\": {\"name\": \"image\", \"object\": \"Image object (7)\", \"fields\": [\"\\u6a94\\u6848\"]}}]"
  }
},
{
  "model": "admin.logentry",
  "pk": 60,
  "fields": {
    "action_time": "2020-07-24T12:27:10.219Z",
    "user": [
      "10sb4c8763"
    ],
    "content_type": [
      "products",
      "product"
    ],
    "object_id": "3",
    "object_repr": "\u904b\u52d5-\u6cf3\u8932-$300-\u5eab\u5b58:1",
    "action_flag": 2,
    "change_message": "[{\"changed\": {\"name\": \"image\", \"object\": \"Image object (5)\", \"fields\": [\"\\u6a94\\u6848\"]}}, {\"changed\": {\"name\": \"image\", \"object\": \"Image object (6)\", \"fields\": [\"\\u6a94\\u6848\"]}}]"
  }
},
{
  "model": "admin.logentry",
  "pk": 61,
  "fields": {
    "action_time": "2020-07-24T12:27:35.768Z",
    "user": [
      "10sb4c8763"
    ],
    "content_type": [
      "products",
      "product"
    ],
    "object_id": "2",
    "object_repr": "\u904b\u52d5-\u7f8e\u570b\u5df4\u6d1b\u9177\u9054Barracuda KONA81 K713 \u4e09\u9435\u5ea6\u6578\u6cf3\u93e1- \u85cd-$600-\u5eab\u5b58:1",
    "action_flag": 2,
    "change_message": "[{\"changed\": {\"name\": \"image\", \"object\": \"Image object (3)\", \"fields\": [\"\\u6a94\\u6848\"]}}, {\"changed\": {\"name\": \"image\", \"object\": \"Image object (4)\", \"fields\": [\"\\u6a94\\u6848\"]}}]"
  }
},
{
  "model": "admin.logentry",
  "pk": 62,
  "fields": {
    "action_time": "2020-07-24T12:27:55.256Z",
    "user": [
      "10sb4c8763"
    ],
    "content_type": [
      "products",
      "product"
    ],
    "object_id": "1",
    "object_repr": "\u904b\u52d5-\u6cf3\u5e3d-$300-\u5eab\u5b58:1",
    "action_flag": 2,
    "change_message": "[{\"changed\": {\"name\": \"image\", \"object\": \"Image object (2)\", \"fields\": [\"\\u6a94\\u6848\"]}}, {\"changed\": {\"name\": \"image\", \"object\": \"Image object (1)\", \"fields\": [\"\\u6a94\\u6848\"]}}]"
  }
},
{
  "model": "admin.logentry",
  "pk": 63,
  "fields": {
    "action_time": "2020-07-24T12:31:20.614Z",
    "user": [
      "10sb4c8763"
    ],
    "content_type": [
      "products",
      "product"
    ],
    "object_id": "22",
    "object_repr": "\u751f\u6d3b-GG-$50-\u5eab\u5b58:1",
    "action_flag": 1,
    "change_message": "[{\"added\": {}}, {\"added\": {\"name\": \"image\", \"object\": \"Image object (49)\"}}]"
  }
},
{
  "model": "admin.logentry",
  "pk": 64,
  "fields": {
    "action_time": "2020-07-24T12:31:58.676Z",
    "user": [
      "10sb4c8763"
    ],
    "content_type": [
      "products",
      "product"
    ],
    "object_id": "22",
    "object_repr": "\u751f\u6d3b-GG-$50-\u5eab\u5b58:1",
    "action_flag": 2,
    "change_message": "[{\"changed\": {\"name\": \"image\", \"object\": \"Image object (49)\", \"fields\": [\"\\u6a94\\u6848\"]}}]"
  }
},
{
  "model": "admin.logentry",
  "pk": 65,
  "fields": {
    "action_time": "2020-07-24T12:32:21.496Z",
    "user": [
      "10sb4c8763"
    ],
    "content_type": [
      "products",
      "product"
    ],
    "object_id": "22",
    "object_repr": "\u751f\u6d3b-GG-$50-\u5eab\u5b58:1",
    "action_flag": 3,
    "change_message": ""
  }
},
{
  "model": "admin.logentry",
  "pk": 66,
  "fields": {
    "action_time": "2020-07-24T15:47:59.927Z",
    "user": [
      "10sb4c8763"
    ],
    "content_type": [
      "products",
      "product"
    ],
    "object_id": "19",
    "object_repr": "\u751f\u6d3b-\u5c0f\u61f6\u89ba-$50-\u5eab\u5b58:1",
    "action_flag": 1,
    "change_message": "[{\"added\": {}}, {\"added\": {\"name\": \"image\", \"object\": \"Image object (46)\"}}]"
  }
},
{
  "model": "admin.logentry",
  "pk": 67,
  "fields": {
    "action_time": "2020-07-24T15:48:28.150Z",
    "user": [
      "10sb4c8763"
    ],
    "content_type": [
      "products",
      "product"
    ],
    "object_id": "19",
    "object_repr": "\u751f\u6d3b-\u5c0f\u61f6\u89ba-$50-\u5eab\u5b58:1",
    "action_flag": 2,
    "change_message": "[{\"changed\": {\"name\": \"image\", \"object\": \"Image object (46)\", \"fields\": [\"\\u6a94\\u6848\"]}}]"
  }
},
{
  "model": "admin.logentry",
  "pk": 68,
  "fields": {
    "action_time": "2020-07-24T15:50:51.224Z",
    "user": [
      "10sb4c8763"
    ],
    "content_type": [
      "products",
      "product"
    ],
    "object_id": "19",
    "object_repr": "\u751f\u6d3b-\u5c0f\u61f6\u89ba-$50-\u5eab\u5b58:1",
    "action_flag": 2,
    "change_message": "[{\"changed\": {\"name\": \"image\", \"object\": \"Image object (46)\", \"fields\": [\"\\u6a94\\u6848\"]}}]"
  }
},
{
  "model": "admin.logentry",
  "pk": 69,
  "fields": {
    "action_time": "2020-07-24T15:51:46.881Z",
    "user": [
      "10sb4c8763"
    ],
    "content_type": [
      "products",
      "product"
    ],
    "object_id": "19",
    "object_repr": "\u751f\u6d3b-\u5c0f\u61f6\u89ba-$50-\u5eab\u5b58:1",
    "action_flag": 3,
    "change_message": ""
  }
},
{
  "model": "admin.logentry",
  "pk": 70,
  "fields": {
    "action_time": "2020-07-24T15:54:19.245Z",
    "user": [
      "10sb4c8763"
    ],
    "content_type": [
      "products",
      "product"
    ],
    "object_id": "20",
    "object_repr": "\u751f\u6d3b-\u5c0fGG-$50-\u5eab\u5b58:1",
    "action_flag": 1,
    "change_message": "[{\"added\": {}}, {\"added\": {\"name\": \"image\", \"object\": \"Image object (47)\"}}]"
  }
},
{
  "model": "admin.logentry",
  "pk": 71,
  "fields": {
    "action_time": "2020-07-24T15:54:37.664Z",
    "user": [
      "10sb4c8763"
    ],
    "content_type": [
      "products",
      "product"
    ],
    "object_id": "20",
    "object_repr": "\u751f\u6d3b-\u5c0fGG-$50-\u5eab\u5b58:1",
    "action_flag": 2,
    "change_message": "[{\"changed\": {\"name\": \"image\", \"object\": \"Image object (47)\", \"fields\": [\"\\u6a94\\u6848\"]}}]"
  }
},
{
  "model": "admin.logentry",
  "pk": 72,
  "fields": {
    "action_time": "2020-07-24T15:54:53.771Z",
    "user": [
      "10sb4c8763"
    ],
    "content_type": [
      "products",
      "product"
    ],
    "object_id": "20",
    "object_repr": "\u751f\u6d3b-\u5c0fGG-$50-\u5eab\u5b58:1",
    "action_flag": 3,
    "change_message": ""
  }
},
{
  "model": "admin.logentry",
  "pk": 73,
  "fields": {
    "action_time": "2020-07-24T16:39:10.723Z",
    "user": [
      "10sb4c8763"
    ],
    "content_type": [
      "products",
      "product"
    ],
    "object_id": "18",
    "object_repr": "\u751f\u6d3b-\u751f\u6d3b\u7167-\u6301\u7e8c\u66f4\u65b0-\u4e0d\u6311\u6b3e\u5f0f\u96a8\u6a5f\u51fa\u8ca8-$500-\u5eab\u5b58:20",
    "action_flag": 2,
    "change_message": "[{\"added\": {\"name\": \"image\", \"object\": \"Image object (48)\"}}]"
  }
},
{
  "model": "admin.logentry",
  "pk": 74,
  "fields": {
    "action_time": "2020-07-24T16:39:32.286Z",
    "user": [
      "10sb4c8763"
    ],
    "content_type": [
      "products",
      "product"
    ],
    "object_id": "17",
    "object_repr": "\u751f\u6d3b-\u6a61\u76ae\u7b4b-3\u7a2e\u984f\u8272-\u96a8\u6a5f\u51fa\u8ca8-$1-\u5eab\u5b58:100",
    "action_flag": 2,
    "change_message": "[{\"added\": {\"name\": \"image\", \"object\": \"Image object (49)\"}}]"
  }
},
{
  "model": "admin.logentry",
  "pk": 75,
  "fields": {
    "action_time": "2020-07-24T16:40:11.546Z",
    "user": [
      "10sb4c8763"
    ],
    "content_type": [
      "products",
      "product"
    ],
    "object_id": "16",
    "object_repr": "\u751f\u6d3b-\u8001\u76ae-$500-\u5eab\u5b58:1",
    "action_flag": 2,
    "change_message": "[{\"added\": {\"name\": \"image\", \"object\": \"Image object (50)\"}}, {\"added\": {\"name\": \"image\", \"object\": \"Image object (51)\"}}, {\"added\": {\"name\": \"image\", \"object\": \"Image object (52)\"}}]"
  }
},
{
  "model": "admin.logentry",
  "pk": 76,
  "fields": {
    "action_time": "2020-07-24T16:40:54.190Z",
    "user": [
      "10sb4c8763"
    ],
    "content_type": [
      "products",
      "product"
    ],
    "object_id": "16",
    "object_repr": "\u751f\u6d3b-\u8001\u76ae-$500-\u5eab\u5b58:1",
    "action_flag": 2,
    "change_message": "[{\"changed\": {\"name\": \"image\", \"object\": \"Image object (50)\", \"fields\": [\"\\u7167\\u7247\\u7c21\\u8ff0\"]}}, {\"changed\": {\"name\": \"image\", \"object\": \"Image object (51)\", \"fields\": [\"\\u7167\\u7247\\u7c21\\u8ff0\"]}}, {\"changed\": {\"name\": \"image\", \"object\": \"Image object (52)\", \"fields\": [\"\\u7167\\u7247\\u7c21\\u8ff0\"]}}]"
  }
},
{
  "model": "admin.logentry",
  "pk": 77,
  "fields": {
    "action_time": "2020-07-24T16:41:24.503Z",
    "user": [
      "10sb4c8763"
    ],
    "content_type": [
      "products",
      "product"
    ],
    "object_id": "15",
    "object_repr": "\u751f\u6d3b-\u8a66\u8ef8\u5668-$300-\u5eab\u5b58:1",
    "action_flag": 2,
    "change_message": "[{\"added\": {\"name\": \"image\", \"object\": \"Image object (53)\"}}, {\"added\": {\"name\": \"image\", \"object\": \"Image object (54)\"}}]"
  }
},
{
  "model": "admin.logentry",
  "pk": 78,
  "fields": {
    "action_time": "2020-07-24T16:42:14.121Z",
    "user": [
      "10sb4c8763"
    ],
    "content_type": [
      "products",
      "product"
    ],
    "object_id": "14",
    "object_repr": "\u751f\u6d3b-\u9577\u865f-$99999-\u5eab\u5b58:1",
    "action_flag": 2,
    "change_message": "[{\"added\": {\"name\": \"image\", \"object\": \"Image object (55)\"}}, {\"added\": {\"name\": \"image\", \"object\": \"Image object (56)\"}}, {\"added\": {\"name\": \"image\", \"object\": \"Image object (57)\"}}, {\"added\": {\"name\": \"image\", \"object\": \"Image object (58)\"}}, {\"added\": {\"name\": \"image\", \"object\": \"Image object (59)\"}}]"
  }
},
{
  "model": "admin.logentry",
  "pk": 79,
  "fields": {
    "action_time": "2020-07-24T16:45:08.800Z",
    "user": [
      "10sb4c8763"
    ],
    "content_type": [
      "products",
      "product"
    ],
    "object_id": "13",
    "object_repr": "\u96fb\u8166/3C-\u5fb7\u9686Montech Blue Devil\u85cd\u9b54\u9b3c RGB\u80cc\u5149 \u6a5f\u68b0\u5f0f\u9375\u76e4-\u9752\u8ef8\u4e2d\u6587/Cherry\u8ef8/PBT\u9375\u5e3d/14\u7a2e\u6a21\u5f0f-$1500-\u5eab\u5b58:1",
    "action_flag": 2,
    "change_message": "[{\"added\": {\"name\": \"image\", \"object\": \"Image object (60)\"}}, {\"added\": {\"name\": \"image\", \"object\": \"Image object (61)\"}}]"
  }
},
{
  "model": "admin.logentry",
  "pk": 80,
  "fields": {
    "action_time": "2020-07-24T16:45:50.304Z",
    "user": [
      "10sb4c8763"
    ],
    "content_type": [
      "products",
      "product"
    ],
    "object_id": "12",
    "object_repr": "\u96fb\u8166/3C-\u8c93\u8089\u7403\u6ed1\u9f20\u588a-$500-\u5eab\u5b58:1",
    "action_flag": 2,
    "change_message": "[{\"added\": {\"name\": \"image\", \"object\": \"Image object (62)\"}}, {\"added\": {\"name\": \"image\", \"object\": \"Image object (63)\"}}]"
  }
},
{
  "model": "admin.logentry",
  "pk": 81,
  "fields": {
    "action_time": "2020-07-24T16:46:57.629Z",
    "user": [
      "10sb4c8763"
    ],
    "content_type": [
      "products",
      "product"
    ],
    "object_id": "11",
    "object_repr": "\u96fb\u8166/3C-\u96f7\u67cfRGB\u6ed1\u9f20-$800-\u5eab\u5b58:1",
    "action_flag": 2,
    "change_message": "[{\"added\": {\"name\": \"image\", \"object\": \"Image object (64)\"}}, {\"added\": {\"name\": \"image\", \"object\": \"Image object (65)\"}}, {\"added\": {\"name\": \"image\", \"object\": \"Image object (66)\"}}, {\"added\": {\"name\": \"image\", \"object\": \"Image object (67)\"}}, {\"added\": {\"name\": \"image\", \"object\": \"Image object (68)\"}}]"
  }
},
{
  "model": "admin.logentry",
  "pk": 82,
  "fields": {
    "action_time": "2020-07-24T16:47:44.640Z",
    "user": [
      "10sb4c8763"
    ],
    "content_type": [
      "products",
      "product"
    ],
    "object_id": "10",
    "object_repr": "\u96fb\u8166/3C-dy\u724c\u7b46\u96fb-$29999-\u5eab\u5b58:1",
    "action_flag": 2,
    "change_message": "[{\"added\": {\"name\": \"image\", \"object\": \"Image object (69)\"}}, {\"added\": {\"name\": \"image\", \"object\": \"Image object (70)\"}}, {\"added\": {\"name\": \"image\", \"object\": \"Image object (71)\"}}]"
  }
},
{
  "model": "admin.logentry",
  "pk": 83,
  "fields": {
    "action_time": "2020-07-24T16:48:43.862Z",
    "user": [
      "10sb4c8763"
    ],
    "content_type": [
      "products",
      "product"
    ],
    "object_id": "9",
    "object_repr": "\u96fb\u8166/3C-\u76f4\u7acb\u6ed1\u9f20-$1200-\u5eab\u5b58:1",
    "action_flag": 2,
    "change_message": "[{\"added\": {\"name\": \"image\", \"object\": \"Image object (72)\"}}, {\"added\": {\"name\": \"image\", \"object\": \"Image object (73)\"}}, {\"added\": {\"name\": \"image\", \"object\": \"Image object (74)\"}}]"
  }
},
{
  "model": "admin.logentry",
  "pk": 84,
  "fields": {
    "action_time": "2020-07-24T16:49:14.693Z",
    "user": [
      "10sb4c8763"
    ],
    "content_type": [
      "products",
      "product"
    ],
    "object_id": "8",
    "object_repr": "\u96fb\u8166/3C-Ducky\u76ae\u624b\u6258-$500-\u5eab\u5b58:1",
    "action_flag": 2,
    "change_message": "[{\"added\": {\"name\": \"image\", \"object\": \"Image object (75)\"}}, {\"added\": {\"name\": \"image\", \"object\": \"Image object (76)\"}}]"
  }
},
{
  "model": "admin.logentry",
  "pk": 85,
  "fields": {
    "action_time": "2020-07-24T16:49:58.879Z",
    "user": [
      "10sb4c8763"
    ],
    "content_type": [
      "products",
      "product"
    ],
    "object_id": "7",
    "object_repr": "\u96fb\u8166/3C-USB3.0\u64f4\u5145-$500-\u5eab\u5b58:1",
    "action_flag": 2,
    "change_message": "[{\"added\": {\"name\": \"image\", \"object\": \"Image object (77)\"}}, {\"added\": {\"name\": \"image\", \"object\": \"Image object (78)\"}}, {\"added\": {\"name\": \"image\", \"object\": \"Image object (79)\"}}, {\"added\": {\"name\": \"image\", \"object\": \"Image object (80)\"}}]"
  }
},
{
  "model": "admin.logentry",
  "pk": 86,
  "fields": {
    "action_time": "2020-07-24T16:51:30.208Z",
    "user": [
      "10sb4c8763"
    ],
    "content_type": [
      "products",
      "product"
    ],
    "object_id": "6",
    "object_repr": "\u96fb\u8166/3C-\u8077\u4eba\u624b\u4f5c-\u9280\u8272\u82b1\u8eca-$39999-\u5eab\u5b58:1",
    "action_flag": 2,
    "change_message": "[{\"added\": {\"name\": \"image\", \"object\": \"Image object (81)\"}}, {\"added\": {\"name\": \"image\", \"object\": \"Image object (82)\"}}, {\"added\": {\"name\": \"image\", \"object\": \"Image object (83)\"}}, {\"added\": {\"name\": \"image\", \"object\": \"Image object (84)\"}}]"
  }
},
{
  "model": "admin.logentry",
  "pk": 87,
  "fields": {
    "action_time": "2020-07-24T16:52:18.548Z",
    "user": [
      "10sb4c8763"
    ],
    "content_type": [
      "products",
      "product"
    ],
    "object_id": "5",
    "object_repr": "\u904b\u52d5-\u82b1\u751f\u7403 - \u9ed1-$1500-\u5eab\u5b58:1",
    "action_flag": 2,
    "change_message": "[{\"added\": {\"name\": \"image\", \"object\": \"Image object (85)\"}}]"
  }
},
{
  "model": "admin.logentry",
  "pk": 88,
  "fields": {
    "action_time": "2020-07-24T16:52:33.365Z",
    "user": [
      "10sb4c8763"
    ],
    "content_type": [
      "products",
      "product"
    ],
    "object_id": "4",
    "object_repr": "\u904b\u52d5-\u904b\u52d5\u6bdb\u5dfe(\u96a8\u6a5f\u51fa\u8ca8)-$999-\u5eab\u5b58:2",
    "action_flag": 2,
    "change_message": "[{\"added\": {\"name\": \"image\", \"object\": \"Image object (86)\"}}]"
  }
},
{
  "model": "admin.logentry",
  "pk": 89,
  "fields": {
    "action_time": "2020-07-24T16:53:15.745Z",
    "user": [
      "10sb4c8763"
    ],
    "content_type": [
      "products",
      "product"
    ],
    "object_id": "3",
    "object_repr": "\u904b\u52d5-\u6cf3\u8932-$300-\u5eab\u5b58:1",
    "action_flag": 2,
    "change_message": "[{\"added\": {\"name\": \"image\", \"object\": \"Image object (87)\"}}, {\"added\": {\"name\": \"image\", \"object\": \"Image object (88)\"}}]"
  }
},
{
  "model": "admin.logentry",
  "pk": 90,
  "fields": {
    "action_time": "2020-07-24T16:53:46.309Z",
    "user": [
      "10sb4c8763"
    ],
    "content_type": [
      "products",
      "product"
    ],
    "object_id": "2",
    "object_repr": "\u904b\u52d5-\u7f8e\u570b\u5df4\u6d1b\u9177\u9054Barracuda KONA81 K713 \u4e09\u9435\u5ea6\u6578\u6cf3\u93e1- \u85cd-$600-\u5eab\u5b58:1",
    "action_flag": 2,
    "change_message": "[{\"added\": {\"name\": \"image\", \"object\": \"Image object (89)\"}}, {\"added\": {\"name\": \"image\", \"object\": \"Image object (90)\"}}]"
  }
},
{
  "model": "admin.logentry",
  "pk": 91,
  "fields": {
    "action_time": "2020-07-24T16:54:08.550Z",
    "user": [
      "10sb4c8763"
    ],
    "content_type": [
      "products",
      "product"
    ],
    "object_id": "1",
    "object_repr": "\u904b\u52d5-\u6cf3\u5e3d-$300-\u5eab\u5b58:1",
    "action_flag": 2,
    "change_message": "[{\"added\": {\"name\": \"image\", \"object\": \"Image object (91)\"}}, {\"added\": {\"name\": \"image\", \"object\": \"Image object (92)\"}}]"
  }
},
{
  "model": "cart.cart",
  "pk": 1,
  "fields": {
    "user": [
      "10sb4c8763"
    ]
  }
},
{
  "model": "cart.cart",
  "pk": 2,
  "fields": {
    "user": [
      "normaluser"
    ]
  }
},
{
  "model": "cart.cart",
  "pk": 3,
  "fields": {
    "user": [
      "circlecute"
    ]
  }
}
]
